Workbook

Sheet Staff
A1: CTS BONUS LEAVE TRACKER | C1: ACCRUAL MONTH (type the month-end date): | D1: 46295 | E1: Everything in the workbook is calculated as at this date: EARNED THIS MONTH = days whose milestone falls in that month. HOURS TO ACCRUE = everything still missing in EH (this month + any earlier months not yet posted). To see who you accrued for in a month, set the month here and filter Earned this month > 0.
A2: ="ACCRUING FOR "&UPPER(TEXT(AsOfDate,"mmmm yyyy"))&" | As at "&TEXT(AsOfDate,"dd/mm/yyyy")&" (change in D1)"&" | Report from "&TEXT(PFYDate+1,"dd/mm/yyyy")&" | Staff: "&COUNTIF($AK$5:$AK$154,1)&" | Accruing: "&COUNTIF($R$5:$R$154,"Yes*")&" | To accrue now: "&ROUND(SUMIF($Y$5:$Y$154,">0"),2)&""&" hrs for "&COUNTIF($Z$5:$Z$154,"Yes")&" people | Earned this month: "&ROUND(SUM($AE$5:$AE$154),2)&" days | Over-accrued in EH: "&COUNTIF($AH$5:$AH$154,">0")&" people, "&ROUND(SUMIF($AH$5:$AH$154,">0"),2)&" hrs" -> ACCRUING FOR SEPTEMBER 2026 | As at 30/09/2026 (change in D1) | Report from 01/07/2019 | Staff: 0 | Accruing: 0 | To accrue now: 0 hrs for 0 people | Earned this month: 0 days | Over-accrued in EH: 0 people, 0 hrs
A3: type here | B3: type here | C3: current: Full-Time / Part-Time / Casual | D3: type here | E3: next birthday | F3: type here | G3: date casual began | H3: date part-time began | I3: date full-time began | J3: optional: HR-adjusted service start (unpaid leave) | K3: next anniversary of commencement (FT/PT start) | L3: years since commencement (FT/PT start) | M3: qualifying service counted | N3: HOURS due per policy to date | O3: days due per policy to date | P3: part-timers only; blank = 24+ | Q3: from the three start dates | S3: date of next day | T3: EH go-live load (only if commenced before the report start) | U3: accrued in EH since commencement | V3: taken since commencement | W3: EH balance now | X3: policy accrual from report start to as-of | Y3: scheme hours to date - credited in EH (opening + accrued) | Z3: Yes = hours owed | AB3: 0 when the report covers full history | AC3: Bonus Leave rows found | AE3: days whose milestone falls in the accrual month | AF3: date of that milestone | AG3: milestones before 27/11/2017 - earn nothing | AH3: hours EH has credited above the scheme entitlement (0 = none) | AI3: Yes = keep what EH holds; accrue forward only | AJ3: free text - reconciliation notes, HR decisions
A4: Name | B4: Surname | C4: EmploymentType | D4: DateOfBirth | E4: Birthday | F4: StartDate | G4: Casual Start | H4: PTE Start | I4: FTE Start | J4: AnniversaryDate | K4: Anniversary | L4: Tenure | M4: Tenure (Y/M/D) | N4: Bonus leave Accrued | O4: Days | P4: PT Hrs/Week | Q4: Status Change | R4: Eligible? | S4: Next Accrual | T4: Opening Balance (hrs) | U4: Leave Accrued (hrs) | V4: Leave Taken (hrs) | W4: Closing Balance (hrs) | X4: Due per policy (hrs) | Y4: Hours to Accrue | Z4: Add to EH now? | AA4: Action | AB4: Opening gap vs policy (hrs) | AC4: Rows in EH report | AD4: Data Check | AE4: Earned this month (days) | AF4: Milestone this month | AG4: Days excluded (before scheme start) | AH4: Over-accrued in EH (hrs) | AI4: Accept EH balance to date? | AJ4: Notes | AK4: h active | AL4: h S | AM4: h n dates | AN4: h D1 | AO4: h D2 | AP4: h D3 | AQ4: h T1 | AR4: h T2 | AS4: h T3 | AT4: h P1 | AU4: h P2 | AV4: h P3 | AW4: h Pc | AX4: h M0 | AY4: h B1 | AZ4: h B2 | BA4: h MP | BB4: h B1P | BC4: h B2P | BD4: h daysNow | BE4: h daysPFY | BF4: h nextoff | BG4: h rows | BH4: h lastrow | BI4: h MM | BJ4: h B1M | BK4: h B2M | BL4: h daysLastMonth | BM4: h lastoff | BN4: h MS | BO4: h B1S | BP4: h B2S | BQ4: h daysPreScheme | BR4: h key
E5: =IF(OR(AK5=0,$D5=""),"",DATE(YEAR(AsOfDate)+IF(DATE(YEAR(AsOfDate),MONTH($D5),DAY($D5))<=AsOfDate,1,0),MONTH($D5),DAY($D5))) | K5: =IF(AK5=0,"",DATE(YEAR(AsOfDate)+IF(DATE(YEAR(AsOfDate),MONTH(AL5),DAY(AL5))<=AsOfDate,1,0),MONTH(AL5),DAY(AL5))) | L5: =IF(AK5=0,"",ROUND((AsOfDate-AL5)/365.25,1)) | M5: =IF(AK5=0,"",IF(AsOfDate<AL5,"-",DATEDIF(AL5,AsOfDate,"y")&"y "&DATEDIF(AL5,AsOfDate,"ym")&"m "&DATEDIF(AL5,AsOfDate,"md")&"d")) | N5: =IF(AK5=0,"",O5*HoursPerDay) | O5: =IF(AK5=0,"",MAX(0,BD5-BQ5)) | Q5: =IF(AK5=0,"",IF(AM5<2,"",AQ5&" to "&AR5&" on "&TEXT(AO5,"dd/mm/yyyy")&IF(AO5>AsOfDate," (future)",IF(AT5=AU5,"",IF(AU5="None"," - STOPPED accruing",IF(AT5="None"," - commencement for Bonus Leave"," - pathway changed"))))&IF(AM5<3,"","; "&AR5&" to "&AS5&" on "&TEXT(AP5,"dd/mm/yyyy")&IF(AP5>AsOfDate," (future)",IF(AU5=AV5,"",IF(AV5="None"," - STOPPED accruing",IF(AU5="None"," - commencement for Bonus Leave"," - pathway changed"))))))) | R5: =IF(AK5=0,"",IF(AW5="None",IF(O5>0,"No longer accruing","Not eligible - "&IF(AND(OR(ISNUMBER(SEARCH("part",$C5)),UPPER(TRIM($C5))="PT",UPPER(TRIM($C5))="PTE"),Apply2026="No"),"part-time (scheme is full-time only)",IF(AND(OR(ISNUMBER(SEARCH("part",$C5)),UPPER(TRIM($C5))="PT",UPPER(TRIM($C5))="PTE"),$P5<>"",N($P5)<PT_MinHours),"under "&PT_MinHours&" hrs",IF(IF($C5="","",IF(OR(ISNUMBER(SEARCH("full",$C5)),UPPER(TRIM($C5))="FT",UPPER(TRIM($C5))="FTE"),"Full-Time",IF(OR(ISNUMBER(SEARCH("part",$C5)),UPPER(TRIM($C5))="PT",UPPER(TRIM($C5))="PTE"),"Part-Time",IF(OR(ISNUMBER(SEARCH("cas",$C5)),UPPER(TRIM($C5))="CAS"),"Casual","Unknown"))))="Unknown","type not recognised",$C5)))),IF(O5>0,"Yes - Accrual Required","Not yet - from "&TEXT(S5,"dd/mm/yyyy")))) | S5: =IF(AK5=0,"",IF(AW5="None","",EDATE(AL5,BF5))) | T5: =IF(AK5=0,"",IF(NOT(LH_Ready),"",IF($F5>PFYDate,0,IF(LH_ColPeriod=0,W5-U5+V5,SUMIFS(INDEX(LH_Data,0,LH_ColAcc),INDEX(LH_Data,0,LH_ColFirst),$A5,INDEX(LH_Data,0,LH_ColSur),$B5,INDEX(LH_Data,0,LH_ColCat),BonusCat,INDEX(LH_Data,0,LH_ColPeriod),LH_OpenLabel)*UnitFactor)))) | U5: =IF(AK5=0,"",IF(NOT(LH_Ready),"",SUMIFS(INDEX(LH_Data,0,LH_ColAcc),INDEX(LH_Data,0,LH_ColFirst),$A5,INDEX(LH_Data,0,LH_ColSur),$B5,INDEX(LH_Data,0,LH_ColCat),BonusCat,INDEX(LH_Data,0,LH_ColStart),">="&AL5)*UnitFactor)) | V5: =IF(AK5=0,"",IF(NOT(LH_Ready),"",SUMIFS(INDEX(LH_Data,0,LH_ColTaken),INDEX(LH_Data,0,LH_ColFirst),$A5,INDEX(LH_Data,0,LH_ColSur),$B5,INDEX(LH_Data,0,LH_ColCat),BonusCat,INDEX(LH_Data,0,LH_ColStart),">="&AL5)*UnitFactor)) | W5: =IF(AK5=0,"",IF(NOT(LH_Ready),"",IF(BH5=0,0,INDEX(INDEX(LH_Data,0,LH_ColClose),BH5-1)*UnitFactor))) | X5: =IF(AK5=0,"",(MAX(0,BD5-BQ5)-MAX(0,BE5-BQ5))*HoursPerDay) | Y5: =IF(AK5=0,"",IF(NOT(LH_Ready),"",IF($AI5="Yes",N(AE5)*HoursPerDay-SUMIFS(INDEX(LH_Data,0,LH_ColAcc),INDEX(LH_Data,0,LH_ColFirst),$A5,INDEX(LH_Data,0,LH_ColSur),$B5,INDEX(LH_Data,0,LH_ColCat),BonusCat,INDEX(LH_Data,0,LH_ColStart),">="&(EOMONTH(AsOfDate,-1)+1),INDEX(LH_Data,0,LH_ColStart),"<="&AsOfDate)*UnitFactor,IF(BG5=0,N5,N5-N(T5)-N(U5))))) | Z5: =IF(OR(AK5=0,Y5=""),"",IF(Y5>0,"Yes","No")) | AA5: =IF(AK5=0,IF(LEN($A5&$B5)=0,"","FIX INPUT - StartDate missing"),IF(AD5<>"","FIX INPUT - "&AD5,IF(NOT(LH_Ready),"Paste Leave History export (Settings must show YES)",IF(AND($AI5="Yes",Y5<=0),"OK - EH balance accepted to date"&IF(N(AH5)>0," (EH holds "&AH5&" hrs over the scheme)","")&"; next day "&TEXT(S5,"dd mmm yy")&IF(N(AE5)>0," ("&AE5&" day(s) for "&UPPER(TEXT(AsOfDate,"mmm yyyy"))&" already in EH)",""),IF(Y5>0,"ACCRUE "&ROUND(Y5,2)&" hrs ("&ROUND(Y5/HoursPerDay,2)&" days): "&IF(N(AE5)>0,AE5&" day(s) for "&UPPER(TEXT(AsOfDate,"mmm yyyy"))&" (milestone "&UPPER(TEXT(AF5,"dd mmm yy"))&")"&IF(Y5/HoursPerDay>AE5+0.001," + "&ROUND(Y5/HoursPerDay-AE5,2)&" day(s) catch-up from earlier months",""),"all catch-up from earlier months, nothing new this month")&IF(BG5=0,"; no Bonus Leave in EH yet",""),IF(Y5<0,"CHECK - EH accrued "&ROUND(-Y5,2)&" hrs more than policy since commencement",IF(N(W5)>O5*HoursPerDay+0.01,"CHECK - EH balance "&ROUND(W5-O5*HoursPerDay,2)&" hrs more than policy entitlement",IF(O5>0,"OK - nothing to add"&IF(N(AE5)>0," ("&AE5&" day(s) for "&UPPER(TEXT(AsOfDate,"mmm yyyy"))&" already in EH)",""),IF(AW5="None",R5,"Not yet - first day on "&TEXT(S5,"dd/mm/yyyy")))))))))) | AB5: =IF(OR(AK5=0,T5=""),"",MAX(0,BE5-BQ5)*HoursPerDay-T5) | AC5: =IF(AK5=0,"",BG5) | AD5: =IF(AK5=0,"",TRIM(IF(OR(ISTEXT($F5),ISTEXT($H5),ISTEXT($I5),ISTEXT($G5),ISTEXT($J5),ISTEXT($D5)),"A date is typed as text - retype it as dd/mm/yyyy. ","")&IF(IF($C5="","",IF(OR(ISNUMBER(SEARCH("full",$C5)),UPPER(TRIM($C5))="FT",UPPER(TRIM($C5))="FTE"),"Full-Time",IF(OR(ISNUMBER(SEARCH("part",$C5)),UPPER(TRIM($C5))="PT",UPPER(TRIM($C5))="PTE"),"Part-Time",IF(OR(ISNUMBER(SEARCH("cas",$C5)),UPPER(TRIM($C5))="CAS"),"Casual","Unknown"))))="Unknown","EmploymentType not recognised - use Full-Time, Part-Time or Casual. ","")&IF(AND(AM5>=1,IF(AM5>=3,AS5,IF(AM5=2,AR5,AQ5))<>IF($C5="","",IF(OR(ISNUMBER(SEARCH("full",$C5)),UPPER(TRIM($C5))="FT",UPPER(TRIM($C5))="FTE"),"Full-Time",IF(OR(ISNUMBER(SEARCH("part",$C5)),UPPER(TRIM($C5))="PT",UPPER(TRIM($C5))="PTE"),"Part-Time",IF(OR(ISNUMBER(SEARCH("cas",$C5)),UPPER(TRIM($C5))="CAS"),"Casual","Unknown"))))),"EmploymentType does not match latest start date ("&IF(AM5>=3,AS5,IF(AM5=2,AR5,AQ5))&"). ","")&IF(AND(AM5>=1,AN5<>$F5),"Earliest type date should equal StartDate. ","")&IF(AND(AM5>=2,AN5=AO5),"Two types start on the same date. ","")&IF(AND(OR(ISNUMBER(SEARCH("part",$C5)),UPPER(TRIM($C5))="PT",UPPER(TRIM($C5))="PTE"),$P5=""),"Part-time: enter PT Hrs/Week (blank = 24+). ",""))) | AE5: =IF(AK5=0,"",O5-MAX(0,BL5-BQ5)) | AF5: =IF(OR(AK5=0,AE5="",N(AE5)=0,BM5=""),"",EDATE(AL5,BM5)) | AG5: =IF(AK5=0,"",MIN(BD5,BQ5)) | AH5: =IF(AK5=0,"",IF(NOT(LH_Ready),"",IF(BG5=0,0,MAX(0,ROUND(N(T5)+N(U5)-N5,2))))) | AK5: =IF(OR(LEN($A5&$B5)=0,$F5=""),0,1) -> 0 | AL5: =IF(AK5=0,"",IF(PreSchemeCounts="No",MAX(SchemeStart,IF($J5<>"",$J5,IF(OR(CasualCounts="Yes",COUNT($G5:$I5)=0),$F5,IF(Apply2026="No",IF($I5="",$F5,$I5),IF(COUNT($H5:$I5)=0,$F5,MIN($H5:$I5)))))),IF($J5<>"",$J5,IF(OR(CasualCounts="Yes",COUNT($G5:$I5)=0),$F5,IF(Apply2026="No",IF($I5="",$F5,$I5),IF(COUNT($H5:$I5)=0,$F5,MIN($H5:$I5))))))) | AM5: =IF(AK5=0,"",COUNT($G5:$I5)) | AN5: =IF(AK5=0,"",IFERROR(SMALL($G5:$I5,1),"")) | AO5: =IF(AK5=0,"",IFERROR(SMALL($G5:$I5,2),"")) | AP5: =IF(AK5=0,"",IFERROR(SMALL($G5:$I5,3),"")) | AQ5: =IF(AK5=0,"",IF(AN5="","",IF(AN5=$H5,"Part-Time",IF(AN5=$I5,"Full-Time","Casual")))) | AR5: =IF(AK5=0,"",IF(AO5="","",IF(AO5=$H5,"Part-Time",IF(AO5=$I5,"Full-Time","Casual")))) | AS5: =IF(AK5=0,"",IF(AP5="","",IF(AP5=$H5,"Part-Time",IF(AP5=$I5,"Full-Time","Casual")))) | AT5: =IF(AK5=0,"",IF(AM5=0,IF(OR(ISNUMBER(SEARCH("full",$C5)),UPPER(TRIM($C5))="FT",UPPER(TRIM($C5))="FTE"),"FT",IF(AND(OR(ISNUMBER(SEARCH("part",$C5)),UPPER(TRIM($C5))="PT",UPPER(TRIM($C5))="PTE"),Apply2026="Yes",OR($P5="",N($P5)>=PT_MinHours)),"PT","None")),IF(OR(ISNUMBER(SEARCH("full",AQ5)),UPPER(TRIM(AQ5))="FT",UPPER(TRIM(AQ5))="FTE"),"FT",IF(AND(OR(ISNUMBER(SEARCH("part",AQ5)),UPPER(TRIM(AQ5))="PT",UPPER(TRIM(AQ5))="PTE"),Apply2026="Yes",OR($P5="",N($P5)>=PT_MinHours)),"PT","None")))) | AU5: =IF(AK5=0,"",IF(AM5<2,"",IF(OR(ISNUMBER(SEARCH("full",AR5)),UPPER(TRIM(AR5))="FT",UPPER(TRIM(AR5))="FTE"),"FT",IF(AND(OR(ISNUMBER(SEARCH("part",AR5)),UPPER(TRIM(AR5))="PT",UPPER(TRIM(AR5))="PTE"),Apply2026="Yes",OR($P5="",N($P5)>=PT_MinHours)),"PT","None")))) | AV5: =IF(AK5=0,"",IF(AM5<3,"",IF(OR(ISNUMBER(SEARCH("full",AS5)),UPPER(TRIM(AS5))="FT",UPPER(TRIM(AS5))="FTE"),"FT",IF(AND(OR(ISNUMBER(SEARCH("part",AS5)),UPPER(TRIM(AS5))="PT",UPPER(TRIM(AS5))="PTE"),Apply2026="Yes",OR($P5="",N($P5)>=PT_MinHours)),"PT","None")))) | AW5: =IF(AK5=0,"",IF(AND(AM5>=3,AP5<=AsOfDate),AV5,IF(AND(AM5>=2,AO5<=AsOfDate),AU5,AT5))) | AX5: =IF(AK5=0,"",IF(AsOfDate<AL5,-1,12*(YEAR(AsOfDate)-YEAR(AL5))+MONTH(AsOfDate)-MONTH(AL5)-IF(DAY(AsOfDate)<MIN(DAY(AL5),DAY(EOMONTH(AsOfDate,0))),1,0))) | AY5: =IF(AK5=0,"",IF(OR(AM5<2,AO5>AsOfDate),AX5,IF((AO5-1)<AL5,-1,12*(YEAR((AO5-1))-YEAR(AL5))+MONTH((AO5-1))-MONTH(AL5)-IF(DAY((AO5-1))<MIN(DAY(AL5),DAY(EOMONTH((AO5-1),0))),1,0)))) | AZ5: =IF(AK5=0,"",IF(OR(AM5<3,AP5>AsOfDate),AX5,IF((AP5-1)<AL5,-1,12*(YEAR((AP5-1))-YEAR(AL5))+MONTH((AP5-1))-MONTH(AL5)-IF(DAY((AP5-1))<MIN(DAY(AL5),DAY(EOMONTH((AP5-1),0))),1,0)))) | BA5: =IF(AK5=0,"",IF(PFYDate<AL5,-1,12*(YEAR(PFYDate)-YEAR(AL5))+MONTH(PFYDate)-MONTH(AL5)-IF(DAY(PFYDate)<MIN(DAY(AL5),DAY(EOMONTH(PFYDate,0))),1,0))) | BB5: =IF(AK5=0,"",IF(OR(AM5<2,AO5>PFYDate),BA5,IF((AO5-1)<AL5,-1,12*(YEAR((AO5-1))-YEAR(AL5))+MONTH((AO5-1))-MONTH(AL5)-IF(DAY((AO5-1))<MIN(DAY(AL5),DAY(EOMONTH((AO5-1),0))),1,0)))) | BC5: =IF(AK5=0,"",IF(OR(AM5<3,AP5>PFYDate),BA5,IF((AP5-1)<AL5,-1,12*(YEAR((AP5-1))-YEAR(AL5))+MONTH((AP5-1))-MONTH(AL5)-IF(DAY((AP5-1))<MIN(DAY(AL5),DAY(EOMONTH((AP5-1),0))),1,0)))) | BD5: =IF(AK5=0,"",IF(AT5="FT",IF(AY5<FT_First,0,IF(AY5<FT_Y5,1+INT((AY5-FT_First)/FT_Int1),FT_PreY5+FT_PerYear*INT((AY5-FT_Y5)/12)+FT_AnnivDays+INT(MOD(AY5-FT_Y5,12)/FT_Int2)-IF(EDATE(AL5,FT_Y5)<PolicyEff,FT_AnnivDays-1,0))),IF(AT5="PT",IF(AY5<PT_First,0,1+INT((AY5-PT_First)/PT_Int)),0))+IF(AND(AM5>=2,AO5<=AsOfDate),IF(AU5="FT",IF(AZ5<FT_First,0,IF(AZ5<FT_Y5,1+INT((AZ5-FT_First)/FT_Int1),FT_PreY5+FT_PerYear*INT((AZ5-FT_Y5)/12)+FT_AnnivDays+INT(MOD(AZ5-FT_Y5,12)/FT_Int2)-IF(EDATE(AL5,FT_Y5)<PolicyEff,FT_AnnivDays-1,0))),IF(AU5="PT",IF(AZ5<PT_First,0,1+INT((AZ5-PT_First)/PT_Int)),0))-IF(AU5="FT",IF(AY5<FT_First,0,IF(AY5<FT_Y5,1+INT((AY5-FT_First)/FT_Int1),FT_PreY5+FT_PerYear*INT((AY5-FT_Y5)/12)+FT_AnnivDays+INT(MOD(AY5-FT_Y5,12)/FT_Int2)-IF(EDATE(AL5,FT_Y5)<PolicyEff,FT_AnnivDays-1,0))),IF(AU5="PT",IF(AY5<PT_First,0,1+INT((AY5-PT_First)/PT_Int)),0)),0)+IF(AND(AM5>=3,AP5<=AsOfDate),IF(AV5="FT",IF(AX5<FT_First,0,IF(AX5<FT_Y5,1+INT((AX5-FT_First)/FT_Int1),FT_PreY5+FT_PerYear*INT((AX5-FT_Y5)/12)+FT_AnnivDays+INT(MOD(AX5-FT_Y5,12)/FT_Int2)-IF(EDATE(AL5,FT_Y5)<PolicyEff,FT_AnnivDays-1,0))),IF(AV5="PT",IF(AX5<PT_First,0,1+INT((AX5-PT_First)/PT_Int)),0))-IF(AV5="FT",IF(AZ5<FT_First,0,IF(AZ5<FT_Y5,1+INT((AZ5-FT_First)/FT_Int1),FT_PreY5+FT_PerYear*INT((AZ5-FT_Y5)/12)+FT_AnnivDays+INT(MOD(AZ5-FT_Y5,12)/FT_Int2)-IF(EDATE(AL5,FT_Y5)<PolicyEff,FT_AnnivDays-1,0))),IF(AV5="PT",IF(AZ5<PT_First,0,1+INT((AZ5-PT_First)/PT_Int)),0)),0)) | BE5: =IF(AK5=0,"",IF(AT5="FT",IF(BB5<FT_First,0,IF(BB5<FT_Y5,1+INT((BB5-FT_First)/FT_Int1),FT_PreY5+FT_PerYear*INT((BB5-FT_Y5)/12)+FT_AnnivDays+INT(MOD(BB5-FT_Y5,12)/FT_Int2)-IF(EDATE(AL5,FT_Y5)<PolicyEff,FT_AnnivDays-1,0))),IF(AT5="PT",IF(BB5<PT_First,0,1+INT((BB5-PT_First)/PT_Int)),0))+IF(AND(AM5>=2,AO5<=PFYDate),IF(AU5="FT",IF(BC5<FT_First,0,IF(BC5<FT_Y5,1+INT((BC5-FT_First)/FT_Int1),FT_PreY5+FT_PerYear*INT((BC5-FT_Y5)/12)+FT_AnnivDays+INT(MOD(BC5-FT_Y5,12)/FT_Int2)-IF(EDATE(AL5,FT_Y5)<PolicyEff,FT_AnnivDays-1,0))),IF(AU5="PT",IF(BC5<PT_First,0,1+INT((BC5-PT_First)/PT_Int)),0))-IF(AU5="FT",IF(BB5<FT_First,0,IF(BB5<FT_Y5,1+INT((BB5-FT_First)/FT_Int1),FT_PreY5+FT_PerYear*INT((BB5-FT_Y5)/12)+FT_AnnivDays+INT(MOD(BB5-FT_Y5,12)/FT_Int2)-IF(EDATE(AL5,FT_Y5)<PolicyEff,FT_AnnivDays-1,0))),IF(AU5="PT",IF(BB5<PT_First,0,1+INT((BB5-PT_First)/PT_Int)),0)),0)+IF(AND(AM5>=3,AP5<=PFYDate),IF(AV5="FT",IF(BA5<FT_First,0,IF(BA5<FT_Y5,1+INT((BA5-FT_First)/FT_Int1),FT_PreY5+FT_PerYear*INT((BA5-FT_Y5)/12)+FT_AnnivDays+INT(MOD(BA5-FT_Y5,12)/FT_Int2)-IF(EDATE(AL5,FT_Y5)<PolicyEff,FT_AnnivDays-1,0))),IF(AV5="PT",IF(BA5<PT_First,0,1+INT((BA5-PT_First)/PT_Int)),0))-IF(AV5="FT",IF(BC5<FT_First,0,IF(BC5<FT_Y5,1+INT((BC5-FT_First)/FT_Int1),FT_PreY5+FT_PerYear*INT((BC5-FT_Y5)/12)+FT_AnnivDays+INT(MOD(BC5-FT_Y5,12)/FT_Int2)-IF(EDATE(AL5,FT_Y5)<PolicyEff,FT_AnnivDays-1,0))),IF(AV5="PT",IF(BC5<PT_First,0,1+INT((BC5-PT_First)/PT_Int)),0)),0)) | BF5: =IF(AK5=0,"",IF(AW5="FT",IF(AX5<FT_First,FT_First,IF(AX5<FT_Y5,MIN(FT_Y5,FT_First+FT_Int1*(INT((AX5-FT_First)/FT_Int1)+1)),FT_Y5+12*INT((AX5-FT_Y5)/12)+FT_Int2*(INT(MOD(AX5-FT_Y5,12)/FT_Int2)+1))),IF(AW5="PT",IF(AX5<PT_First,PT_First,PT_First+PT_Int*(INT((AX5-PT_First)/PT_Int)+1)),""))) | BG5: =IF(AK5=0,"",IF(NOT(LH_Ready),0,COUNTIFS(INDEX(LH_Data,0,LH_ColFirst),$A5,INDEX(LH_Data,0,LH_ColSur),$B5,INDEX(LH_Data,0,LH_ColCat),BonusCat))) | BH5: =IF(AK5=0,"",IF(OR(NOT(LH_Ready),BG5=0),0,SUMPRODUCT(MAX((INDEX(LH_Data,0,LH_ColFirst)=$A5)*(INDEX(LH_Data,0,LH_ColSur)=$B5)*(INDEX(LH_Data,0,LH_ColCat)=BonusCat)*ROW(LH_Data))))) | BI5: =IF(AK5=0,"",IF(EOMONTH(AsOfDate,-1)<AL5,-1,12*(YEAR(EOMONTH(AsOfDate,-1))-YEAR(AL5))+MONTH(EOMONTH(AsOfDate,-1))-MONTH(AL5)-IF(DAY(EOMONTH(AsOfDate,-1))<MIN(DAY(AL5),DAY(EOMONTH(EOMONTH(AsOfDate,-1),0))),1,0))) | BJ5: =IF(AK5=0,"",IF(OR(AM5<2,AO5>EOMONTH(AsOfDate,-1)),BI5,IF((AO5-1)<AL5,-1,12*(YEAR((AO5-1))-YEAR(AL5))+MONTH((AO5-1))-MONTH(AL5)-IF(DAY((AO5-1))<MIN(DAY(AL5),DAY(EOMONTH((AO5-1),0))),1,0)))) | BK5: =IF(AK5=0,"",IF(OR(AM5<3,AP5>EOMONTH(AsOfDate,-1)),BI5,IF((AP5-1)<AL5,-1,12*(YEAR((AP5-1))-YEAR(AL5))+MONTH((AP5-1))-MONTH(AL5)-IF(DAY((AP5-1))<MIN(DAY(AL5),DAY(EOMONTH((AP5-1),0))),1,0)))) | BL5: =IF(AK5=0,"",IF(AT5="FT",IF(BJ5<FT_First,0,IF(BJ5<FT_Y5,1+INT((BJ5-FT_First)/FT_Int1),FT_PreY5+FT_PerYear*INT((BJ5-FT_Y5)/12)+FT_AnnivDays+INT(MOD(BJ5-FT_Y5,12)/FT_Int2)-IF(EDATE(AL5,FT_Y5)<PolicyEff,FT_AnnivDays-1,0))),IF(AT5="PT",IF(BJ5<PT_First,0,1+INT((BJ5-PT_First)/PT_Int)),0))+IF(AND(AM5>=2,AO5<=EOMONTH(AsOfDate,-1)),IF(AU5="FT",IF(BK5<FT_First,0,IF(BK5<FT_Y5,1+INT((BK5-FT_First)/FT_Int1),FT_PreY5+FT_PerYear*INT((BK5-FT_Y5)/12)+FT_AnnivDays+INT(MOD(BK5-FT_Y5,12)/FT_Int2)-IF(EDATE(AL5,FT_Y5)<PolicyEff,FT_AnnivDays-1,0))),IF(AU5="PT",IF(BK5<PT_First,0,1+INT((BK5-PT_First)/PT_Int)),0))-IF(AU5="FT",IF(BJ5<FT_First,0,IF(BJ5<FT_Y5,1+INT((BJ5-FT_First)/FT_Int1),FT_PreY5+FT_PerYear*INT((BJ5-FT_Y5)/12)+FT_AnnivDays+INT(MOD(BJ5-FT_Y5,12)/FT_Int2)-IF(EDATE(AL5,FT_Y5)<PolicyEff,FT_AnnivDays-1,0))),IF(AU5="PT",IF(BJ5<PT_First,0,1+INT((BJ5-PT_First)/PT_Int)),0)),0)+IF(AND(AM5>=3,AP5<=EOMONTH(AsOfDate,-1)),IF(AV5="FT",IF(BI5<FT_First,0,IF(BI5<FT_Y5,1+INT((BI5-FT_First)/FT_Int1),FT_PreY5+FT_PerYear*INT((BI5-FT_Y5)/12)+FT_AnnivDays+INT(MOD(BI5-FT_Y5,12)/FT_Int2)-IF(EDATE(AL5,FT_Y5)<PolicyEff,FT_AnnivDays-1,0))),IF(AV5="PT",IF(BI5<PT_First,0,1+INT((BI5-PT_First)/PT_Int)),0))-IF(AV5="FT",IF(BK5<FT_First,0,IF(BK5<FT_Y5,1+INT((BK5-FT_First)/FT_Int1),FT_PreY5+FT_PerYear*INT((BK5-FT_Y5)/12)+FT_AnnivDays+INT(MOD(BK5-FT_Y5,12)/FT_Int2)-IF(EDATE(AL5,FT_Y5)<PolicyEff,FT_AnnivDays-1,0))),IF(AV5="PT",IF(BK5<PT_First,0,1+INT((BK5-PT_First)/PT_Int)),0)),0)) | BM5: =IF(AK5=0,"",IF(AW5="FT",IF(AX5<FT_First,"",IF(AX5<FT_Y5,FT_First+FT_Int1*INT((AX5-FT_First)/FT_Int1),FT_Y5+FT_Int2*INT((AX5-FT_Y5)/FT_Int2))),IF(AW5="PT",IF(AX5<PT_First,"",PT_First+PT_Int*INT((AX5-PT_First)/PT_Int)),""))) | BN5: =IF(AK5=0,"",IF((SchemeStart-1)<AL5,-1,12*(YEAR((SchemeStart-1))-YEAR(AL5))+MONTH((SchemeStart-1))-MONTH(AL5)-IF(DAY((SchemeStart-1))<MIN(DAY(AL5),DAY(EOMONTH((SchemeStart-1),0))),1,0))) | BO5: =IF(AK5=0,"",IF(OR(AM5<2,AO5>(SchemeStart-1)),BN5,IF((AO5-1)<AL5,-1,12*(YEAR((AO5-1))-YEAR(AL5))+MONTH((AO5-1))-MONTH(AL5)-IF(DAY((AO5-1))<MIN(DAY(AL5),DAY(EOMONTH((AO5-1),0))),1,0)))) | BP5: =IF(AK5=0,"",IF(OR(AM5<3,AP5>(SchemeStart-1)),BN5,IF((AP5-1)<AL5,-1,12*(YEAR((AP5-1))-YEAR(AL5))+MONTH((AP5-1))-MONTH(AL5)-IF(DAY((AP5-1))<MIN(DAY(AL5),DAY(EOMONTH((AP5-1),0))),1,0)))) | BQ5: =IF(AK5=0,"",IF(AT5="FT",IF(BO5<FT_First,0,IF(BO5<FT_Y5,1+INT((BO5-FT_First)/FT_Int1),FT_PreY5+FT_PerYear*INT((BO5-FT_Y5)/12)+FT_AnnivDays+INT(MOD(BO5-FT_Y5,12)/FT_Int2)-IF(EDATE(AL5,FT_Y5)<PolicyEff,FT_AnnivDays-1,0))),IF(AT5="PT",IF(BO5<PT_First,0,1+INT((BO5-PT_First)/PT_Int)),0))+IF(AND(AM5>=2,AO5<=(SchemeStart-1)),IF(AU5="FT",IF(BP5<FT_First,0,IF(BP5<FT_Y5,1+INT((BP5-FT_First)/FT_Int1),FT_PreY5+FT_PerYear*INT((BP5-FT_Y5)/12)+FT_AnnivDays+INT(MOD(BP5-FT_Y5,12)/FT_Int2)-IF(EDATE(AL5,FT_Y5)<PolicyEff,FT_AnnivDays-1,0))),IF(AU5="PT",IF(BP5<PT_First,0,1+INT((BP5-PT_First)/PT_Int)),0))-IF(AU5="FT",IF(BO5<FT_First,0,IF(BO5<FT_Y5,1+INT((BO5-FT_First)/FT_Int1),FT_PreY5+FT_PerYear*INT((BO5-FT_Y5)/12)+FT_AnnivDays+INT(MOD(BO5-FT_Y5,12)/FT_Int2)-IF(EDATE(AL5,FT_Y5)<PolicyEff,FT_AnnivDays-1,0))),IF(AU5="PT",IF(BO5<PT_First,0,1+INT((BO5-PT_First)/PT_Int)),0)),0)+IF(AND(AM5>=3,AP5<=(SchemeStart-1)),IF(AV5="FT",IF(BN5<FT_First,0,IF(BN5<FT_Y5,1+INT((BN5-FT_First)/FT_Int1),FT_PreY5+FT_PerYear*INT((BN5-FT_Y5)/12)+FT_AnnivDays+INT(MOD(BN5-FT_Y5,12)/FT_Int2)-IF(EDATE(AL5,FT_Y5)<PolicyEff,FT_AnnivDays-1,0))),IF(AV5="PT",IF(BN5<PT_First,0,1+INT((BN5-PT_First)/PT_Int)),0))-IF(AV5="FT",IF(BP5<FT_First,0,IF(BP5<FT_Y5,1+INT((BP5-FT_First)/FT_Int1),FT_PreY5+FT_PerYear*INT((BP5-FT_Y5)/12)+FT_AnnivDays+INT(MOD(BP5-FT_Y5,12)/FT_Int2)-IF(EDATE(AL5,FT_Y5)<PolicyEff,FT_AnnivDays-1,0))),IF(AV5="PT",IF(BP5<PT_First,0,1+INT((BP5-PT_First)/PT_Int)),0)),0)) | BR5: =IF(LEN($A5&$B5)=0,"",$A5&" "&$B5)
E6: =IF(OR(AK6=0,$D6=""),"",DATE(YEAR(AsOfDate)+IF(DATE(YEAR(AsOfDate),MONTH($D6),DAY($D6))<=AsOfDate,1,0),MONTH($D6),DAY($D6))) | K6: =IF(AK6=0,"",DATE(YEAR(AsOfDate)+IF(DATE(YEAR(AsOfDate),MONTH(AL6),DAY(AL6))<=AsOfDate,1,0),MONTH(AL6),DAY(AL6))) | L6: =IF(AK6=0,"",ROUND((AsOfDate-AL6)/365.25,1)) | M6: =IF(AK6=0,"",IF(AsOfDate<AL6,"-",DATEDIF(AL6,AsOfDate,"y")&"y "&DATEDIF(AL6,AsOfDate,"ym")&"m "&DATEDIF(AL6,AsOfDate,"md")&"d")) | N6: =IF(AK6=0,"",O6*HoursPerDay) | O6: =IF(AK6=0,"",MAX(0,BD6-BQ6)) | Q6: =IF(AK6=0,"",IF(AM6<2,"",AQ6&" to "&AR6&" on "&TEXT(AO6,"dd/mm/yyyy")&IF(AO6>AsOfDate," (future)",IF(AT6=AU6,"",IF(AU6="None"," - STOPPED accruing",IF(AT6="None"," - commencement for Bonus Leave"," - pathway changed"))))&IF(AM6<3,"","; "&AR6&" to "&AS6&" on "&TEXT(AP6,"dd/mm/yyyy")&IF(AP6>AsOfDate," (future)",IF(AU6=AV6,"",IF(AV6="None"," - STOPPED accruing",IF(AU6="None"," - commencement for Bonus Leave"," - pathway changed"))))))) | R6: =IF(AK6=0,"",IF(AW6="None",IF(O6>0,"No longer accruing","Not eligible - "&IF(AND(OR(ISNUMBER(SEARCH("part",$C6)),UPPER(TRIM($C6))="PT",UPPER(TRIM($C6))="PTE"),Apply2026="No"),"part-time (scheme is full-time only)",IF(AND(OR(ISNUMBER(SEARCH("part",$C6)),UPPER(TRIM($C6))="PT",UPPER(TRIM($C6))="PTE"),$P6<>"",N($P6)<PT_MinHours),"under "&PT_MinHours&" hrs",IF(IF($C6="","",IF(OR(ISNUMBER(SEARCH("full",$C6)),UPPER(TRIM($C6))="FT",UPPER(TRIM($C6))="FTE"),"Full-Time",IF(OR(ISNUMBER(SEARCH("part",$C6)),UPPER(TRIM($C6))="PT",UPPER(TRIM($C6))="PTE"),"Part-Time",IF(OR(ISNUMBER(SEARCH("cas",$C6)),UPPER(TRIM($C6))="CAS"),"Casual","Unknown"))))="Unknown","type not recognised",$C6)))),IF(O6>0,"Yes - Accrual Required","Not yet - from "&TEXT(S6,"dd/mm/yyyy")))) | S6: =IF(AK6=0,"",IF(AW6="None","",EDATE(AL6,BF6))) | T6: =IF(AK6=0,"",IF(NOT(LH_Ready),"",IF($F6>PFYDate,0,IF(LH_ColPeriod=0,W6-U6+V6,SUMIFS(INDEX(LH_Data,0,LH_ColAcc),INDEX(LH_Data,0,LH_ColFirst),$A6,INDEX(LH_Data,0,LH_ColSur),$B6,INDEX(LH_Data,0,LH_ColCat),BonusCat,INDEX(LH_Data,0,LH_ColPeriod),LH_OpenLabel)*UnitFactor)))) | U6: =IF(AK6=0,"",IF(NOT(LH_Ready),"",SUMIFS(INDEX(LH_Data,0,LH_ColAcc),INDEX(LH_Data,0,LH_ColFirst),$A6,INDEX(LH_Data,0,LH_ColSur),$B6,INDEX(LH_Data,0,LH_ColCat),BonusCat,INDEX(LH_Data,0,LH_ColStart),">="&AL6)*UnitFactor)) | V6: =IF(AK6=0,"",IF(NOT(LH_Ready),"",SUMIFS(INDEX(LH_Data,0,LH_ColTaken),INDEX(LH_Data,0,LH_ColFirst),$A6,INDEX(LH_Data,0,LH_ColSur),$B6,INDEX(LH_Data,0,LH_ColCat),BonusCat,INDEX(LH_Data,0,LH_ColStart),">="&AL6)*UnitFactor)) | W6: =IF(AK6=0,"",IF(NOT(LH_Ready),"",IF(BH6=0,0,INDEX(INDEX(LH_Data,0,LH_ColClose),BH6-1)*UnitFactor))) | X6: =IF(AK6=0,"",(MAX(0,BD6-BQ6)-MAX(0,BE6-BQ6))*HoursPerDay) | Y6: =IF(AK6=0,"",IF(NOT(LH_Ready),"",IF($AI6="Yes",N(AE6)*HoursPerDay-SUMIFS(INDEX(LH_Data,0,LH_ColAcc),INDEX(LH_Data,0,LH_ColFirst),$A6,INDEX(LH_Data,0,LH_ColSur),$B6,INDEX(LH_Data,0,LH_ColCat),BonusCat,INDEX(LH_Data,0,LH_ColStart),">="&(EOMONTH(AsOfDate,-1)+1),INDEX(LH_Data,0,LH_ColStart),"<="&AsOfDate)*UnitFactor,IF(BG6=0,N6,N6-N(T6)-N(U6))))) | Z6: =IF(OR(AK6=0,Y6=""),"",IF(Y6>0,"Yes","No")) | AA6: =IF(AK6=0,IF(LEN($A6&$B6)=0,"","FIX INPUT - StartDate missing"),IF(AD6<>"","FIX INPUT - "&AD6,IF(NOT(LH_Ready),"Paste Leave History export (Settings must show YES)",IF(AND($AI6="Yes",Y6<=0),"OK - EH balance accepted to date"&IF(N(AH6)>0," (EH holds "&AH6&" hrs over the scheme)","")&"; next day "&TEXT(S6,"dd mmm yy")&IF(N(AE6)>0," ("&AE6&" day(s) for "&UPPER(TEXT(AsOfDate,"mmm yyyy"))&" already in EH)",""),IF(Y6>0,"ACCRUE "&ROUND(Y6,2)&" hrs ("&ROUND(Y6/HoursPerDay,2)&" days): "&IF(N(AE6)>0,AE6&" day(s) for "&UPPER(TEXT(AsOfDate,"mmm yyyy"))&" (milestone "&UPPER(TEXT(AF6,"dd mmm yy"))&")"&IF(Y6/HoursPerDay>AE6+0.001," + "&ROUND(Y6/HoursPerDay-AE6,2)&" day(s) catch-up from earlier months",""),"all catch-up from earlier months, nothing new this month")&IF(BG6=0,"; no Bonus Leave in EH yet",""),IF(Y6<0,"CHECK - EH accrued "&ROUND(-Y6,2)&" hrs more than policy since commencement",IF(N(W6)>O6*HoursPerDay+0.01,"CHECK - EH balance "&ROUND(W6-O6*HoursPerDay,2)&" hrs more than policy entitlement",IF(O6>0,"OK - nothing to add"&IF(N(AE6)>0," ("&AE6&" day(s) for "&UPPER(TEXT(AsOfDate,"mmm yyyy"))&" already in EH)",""),IF(AW6="None",R6,"Not yet - first day on "&TEXT(S6,"dd/mm/yyyy")))))))))) | AB6: =IF(OR(AK6=0,T6=""),"",MAX(0,BE6-BQ6)*HoursPerDay-T6) | AC6: =IF(AK6=0,"",BG6) | AD6: =IF(AK6=0,"",TRIM(IF(OR(ISTEXT($F6),ISTEXT($H6),ISTEXT($I6),ISTEXT($G6),ISTEXT($J6),ISTEXT($D6)),"A date is typed as text - retype it as dd/mm/yyyy. ","")&IF(IF($C6="","",IF(OR(ISNUMBER(SEARCH("full",$C6)),UPPER(TRIM($C6))="FT",UPPER(TRIM($C6))="FTE"),"Full-Time",IF(OR(ISNUMBER(SEARCH("part",$C6)),UPPER(TRIM($C6))="PT",UPPER(TRIM($C6))="PTE"),"Part-Time",IF(OR(ISNUMBER(SEARCH("cas",$C6)),UPPER(TRIM($C6))="CAS"),"Casual","Unknown"))))="Unknown","EmploymentType not recognised - use Full-Time, Part-Time or Casual. ","")&IF(AND(AM6>=1,IF(AM6>=3,AS6,IF(AM6=2,AR6,AQ6))<>IF($C6="","",IF(OR(ISNUMBER(SEARCH("full",$C6)),UPPER(TRIM($C6))="FT",UPPER(TRIM($C6))="FTE"),"Full-Time",IF(OR(ISNUMBER(SEARCH("part",$C6)),UPPER(TRIM($C6))="PT",UPPER(TRIM($C6))="PTE"),"Part-Time",IF(OR(ISNUMBER(SEARCH("cas",$C6)),UPPER(TRIM($C6))="CAS"),"Casual","Unknown"))))),"EmploymentType does not match latest start date ("&IF(AM6>=3,AS6,IF(AM6=2,AR6,AQ6))&"). ","")&IF(AND(AM6>=1,AN6<>$F6),"Earliest type date should equal StartDate. ","")&IF(AND(AM6>=2,AN6=AO6),"Two types start on the same date. ","")&IF(AND(OR(ISNUMBER(SEARCH("part",$C6)),UPPER(TRIM($C6))="PT",UPPER(TRIM($C6))="PTE"),$P6=""),"Part-time: enter PT Hrs/Week (blank = 24+). ",""))) | AE6: =IF(AK6=0,"",O6-MAX(0,BL6-BQ6)) | AF6: =IF(OR(AK6=0,AE6="",N(AE6)=0,BM6=""),"",EDATE(AL6,BM6)) | AG6: =IF(AK6=0,"",MIN(BD6,BQ6)) | AH6: =IF(AK6=0,"",IF(NOT(LH_Ready),"",IF(BG6=0,0,MAX(0,ROUND(N(T6)+N(U6)-N6,2))))) | AK6: =IF(OR(LEN($A6&$B6)=0,$F6=""),0,1) -> 0 | AL6: =IF(AK6=0,"",IF(PreSchemeCounts="No",MAX(SchemeStart,IF($J6<>"",$J6,IF(OR(CasualCounts="Yes",COUNT($G6:$I6)=0),$F6,IF(Apply2026="No",IF($I6="",$F6,$I6),IF(COUNT($H6:$I6)=0,$F6,MIN($H6:$I6)))))),IF($J6<>"",$J6,IF(OR(CasualCounts="Yes",COUNT($G6:$I6)=0),$F6,IF(Apply2026="No",IF($I6="",$F6,$I6),IF(COUNT($H6:$I6)=0,$F6,MIN($H6:$I6))))))) | AM6: =IF(AK6=0,"",COUNT($G6:$I6)) | AN6: =IF(AK6=0,"",IFERROR(SMALL($G6:$I6,1),"")) | AO6: =IF(AK6=0,"",IFERROR(SMALL($G6:$I6,2),"")) | AP6: =IF(AK6=0,"",IFERROR(SMALL($G6:$I6,3),"")) | AQ6: =IF(AK6=0,"",IF(AN6="","",IF(AN6=$H6,"Part-Time",IF(AN6=$I6,"Full-Time","Casual")))) | AR6: =IF(AK6=0,"",IF(AO6="","",IF(AO6=$H6,"Part-Time",IF(AO6=$I6,"Full-Time","Casual")))) | AS6: =IF(AK6=0,"",IF(AP6="","",IF(AP6=$H6,"Part-Time",IF(AP6=$I6,"Full-Time","Casual")))) | AT6: =IF(AK6=0,"",IF(AM6=0,IF(OR(ISNUMBER(SEARCH("full",$C6)),UPPER(TRIM($C6))="FT",UPPER(TRIM($C6))="FTE"),"FT",IF(AND(OR(ISNUMBER(SEARCH("part",$C6)),UPPER(TRIM($C6))="PT",UPPER(TRIM($C6))="PTE"),Apply2026="Yes",OR($P6="",N($P6)>=PT_MinHours)),"PT","None")),IF(OR(ISNUMBER(SEARCH("full",AQ6)),UPPER(TRIM(AQ6))="FT",UPPER(TRIM(AQ6))="FTE"),"FT",IF(AND(OR(ISNUMBER(SEARCH("part",AQ6)),UPPER(TRIM(AQ6))="PT",UPPER(TRIM(AQ6))="PTE"),Apply2026="Yes",OR($P6="",N($P6)>=PT_MinHours)),"PT","None")))) | AU6: =IF(AK6=0,"",IF(AM6<2,"",IF(OR(ISNUMBER(SEARCH("full",AR6)),UPPER(TRIM(AR6))="FT",UPPER(TRIM(AR6))="FTE"),"FT",IF(AND(OR(ISNUMBER(SEARCH("part",AR6)),UPPER(TRIM(AR6))="PT",UPPER(TRIM(AR6))="PTE"),Apply2026="Yes",OR($P6="",N($P6)>=PT_MinHours)),"PT","None")))) | AV6: =IF(AK6=0,"",IF(AM6<3,"",IF(OR(ISNUMBER(SEARCH("full",AS6)),UPPER(TRIM(AS6))="FT",UPPER(TRIM(AS6))="FTE"),"FT",IF(AND(OR(ISNUMBER(SEARCH("part",AS6)),UPPER(TRIM(AS6))="PT",UPPER(TRIM(AS6))="PTE"),Apply2026="Yes",OR($P6="",N($P6)>=PT_MinHours)),"PT","None")))) | AW6: =IF(AK6=0,"",IF(AND(AM6>=3,AP6<=AsOfDate),AV6,IF(AND(AM6>=2,AO6<=AsOfDate),AU6,AT6))) | AX6: =IF(AK6=0,"",IF(AsOfDate<AL6,-1,12*(YEAR(AsOfDate)-YEAR(AL6))+MONTH(AsOfDate)-MONTH(AL6)-IF(DAY(AsOfDate)<MIN(DAY(AL6),DAY(EOMONTH(AsOfDate,0))),1,0))) | AY6: =IF(AK6=0,"",IF(OR(AM6<2,AO6>AsOfDate),AX6,IF((AO6-1)<AL6,-1,12*(YEAR((AO6-1))-YEAR(AL6))+MONTH((AO6-1))-MONTH(AL6)-IF(DAY((AO6-1))<MIN(DAY(AL6),DAY(EOMONTH((AO6-1),0))),1,0)))) | AZ6: =IF(AK6=0,"",IF(OR(AM6<3,AP6>AsOfDate),AX6,IF((AP6-1)<AL6,-1,12*(YEAR((AP6-1))-YEAR(AL6))+MONTH((AP6-1))-MONTH(AL6)-IF(DAY((AP6-1))<MIN(DAY(AL6),DAY(EOMONTH((AP6-1),0))),1,0)))) | BA6: =IF(AK6=0,"",IF(PFYDate<AL6,-1,12*(YEAR(PFYDate)-YEAR(AL6))+MONTH(PFYDate)-MONTH(AL6)-IF(DAY(PFYDate)<MIN(DAY(AL6),DAY(EOMONTH(PFYDate,0))),1,0))) | BB6: =IF(AK6=0,"",IF(OR(AM6<2,AO6>PFYDate),BA6,IF((AO6-1)<AL6,-1,12*(YEAR((AO6-1))-YEAR(AL6))+MONTH((AO6-1))-MONTH(AL6)-IF(DAY((AO6-1))<MIN(DAY(AL6),DAY(EOMONTH((AO6-1),0))),1,0)))) | BC6: =IF(AK6=0,"",IF(OR(AM6<3,AP6>PFYDate),BA6,IF((AP6-1)<AL6,-1,12*(YEAR((AP6-1))-YEAR(AL6))+MONTH((AP6-1))-MONTH(AL6)-IF(DAY((AP6-1))<MIN(DAY(AL6),DAY(EOMONTH((AP6-1),0))),1,0)))) | BD6: =IF(AK6=0,"",IF(AT6="FT",IF(AY6<FT_First,0,IF(AY6<FT_Y5,1+INT((AY6-FT_First)/FT_Int1),FT_PreY5+FT_PerYear*INT((AY6-FT_Y5)/12)+FT_AnnivDays+INT(MOD(AY6-FT_Y5,12)/FT_Int2)-IF(EDATE(AL6,FT_Y5)<PolicyEff,FT_AnnivDays-1,0))),IF(AT6="PT",IF(AY6<PT_First,0,1+INT((AY6-PT_First)/PT_Int)),0))+IF(AND(AM6>=2,AO6<=AsOfDate),IF(AU6="FT",IF(AZ6<FT_First,0,IF(AZ6<FT_Y5,1+INT((AZ6-FT_First)/FT_Int1),FT_PreY5+FT_PerYear*INT((AZ6-FT_Y5)/12)+FT_AnnivDays+INT(MOD(AZ6-FT_Y5,12)/FT_Int2)-IF(EDATE(AL6,FT_Y5)<PolicyEff,FT_AnnivDays-1,0))),IF(AU6="PT",IF(AZ6<PT_First,0,1+INT((AZ6-PT_First)/PT_Int)),0))-IF(AU6="FT",IF(AY6<FT_First,0,IF(AY6<FT_Y5,1+INT((AY6-FT_First)/FT_Int1),FT_PreY5+FT_PerYear*INT((AY6-FT_Y5)/12)+FT_AnnivDays+INT(MOD(AY6-FT_Y5,12)/FT_Int2)-IF(EDATE(AL6,FT_Y5)<PolicyEff,FT_AnnivDays-1,0))),IF(AU6="PT",IF(AY6<PT_First,0,1+INT((AY6-PT_First)/PT_Int)),0)),0)+IF(AND(AM6>=3,AP6<=AsOfDate),IF(AV6="FT",IF(AX6<FT_First,0,IF(AX6<FT_Y5,1+INT((AX6-FT_First)/FT_Int1),FT_PreY5+FT_PerYear*INT((AX6-FT_Y5)/12)+FT_AnnivDays+INT(MOD(AX6-FT_Y5,12)/FT_Int2)-IF(EDATE(AL6,FT_Y5)<PolicyEff,FT_AnnivDays-1,0))),IF(AV6="PT",IF(AX6<PT_First,0,1+INT((AX6-PT_First)/PT_Int)),0))-IF(AV6="FT",IF(AZ6<FT_First,0,IF(AZ6<FT_Y5,1+INT((AZ6-FT_First)/FT_Int1),FT_PreY5+FT_PerYear*INT((AZ6-FT_Y5)/12)+FT_AnnivDays+INT(MOD(AZ6-FT_Y5,12)/FT_Int2)-IF(EDATE(AL6,FT_Y5)<PolicyEff,FT_AnnivDays-1,0))),IF(AV6="PT",IF(AZ6<PT_First,0,1+INT((AZ6-PT_First)/PT_Int)),0)),0)) | BE6: =IF(AK6=0,"",IF(AT6="FT",IF(BB6<FT_First,0,IF(BB6<FT_Y5,1+INT((BB6-FT_First)/FT_Int1),FT_PreY5+FT_PerYear*INT((BB6-FT_Y5)/12)+FT_AnnivDays+INT(MOD(BB6-FT_Y5,12)/FT_Int2)-IF(EDATE(AL6,FT_Y5)<PolicyEff,FT_AnnivDays-1,0))),IF(AT6="PT",IF(BB6<PT_First,0,1+INT((BB6-PT_First)/PT_Int)),0))+IF(AND(AM6>=2,AO6<=PFYDate),IF(AU6="FT",IF(BC6<FT_First,0,IF(BC6<FT_Y5,1+INT((BC6-FT_First)/FT_Int1),FT_PreY5+FT_PerYear*INT((BC6-FT_Y5)/12)+FT_AnnivDays+INT(MOD(BC6-FT_Y5,12)/FT_Int2)-IF(EDATE(AL6,FT_Y5)<PolicyEff,FT_AnnivDays-1,0))),IF(AU6="PT",IF(BC6<PT_First,0,1+INT((BC6-PT_First)/PT_Int)),0))-IF(AU6="FT",IF(BB6<FT_First,0,IF(BB6<FT_Y5,1+INT((BB6-FT_First)/FT_Int1),FT_PreY5+FT_PerYear*INT((BB6-FT_Y5)/12)+FT_AnnivDays+INT(MOD(BB6-FT_Y5,12)/FT_Int2)-IF(EDATE(AL6,FT_Y5)<PolicyEff,FT_AnnivDays-1,0))),IF(AU6="PT",IF(BB6<PT_First,0,1+INT((BB6-PT_First)/PT_Int)),0)),0)+IF(AND(AM6>=3,AP6<=PFYDate),IF(AV6="FT",IF(BA6<FT_First,0,IF(BA6<FT_Y5,1+INT((BA6-FT_First)/FT_Int1),FT_PreY5+FT_PerYear*INT((BA6-FT_Y5)/12)+FT_AnnivDays+INT(MOD(BA6-FT_Y5,12)/FT_Int2)-IF(EDATE(AL6,FT_Y5)<PolicyEff,FT_AnnivDays-1,0))),IF(AV6="PT",IF(BA6<PT_First,0,1+INT((BA6-PT_First)/PT_Int)),0))-IF(AV6="FT",IF(BC6<FT_First,0,IF(BC6<FT_Y5,1+INT((BC6-FT_First)/FT_Int1),FT_PreY5+FT_PerYear*INT((BC6-FT_Y5)/12)+FT_AnnivDays+INT(MOD(BC6-FT_Y5,12)/FT_Int2)-IF(EDATE(AL6,FT_Y5)<PolicyEff,FT_AnnivDays-1,0))),IF(AV6="PT",IF(BC6<PT_First,0,1+INT((BC6-PT_First)/PT_Int)),0)),0)) | BF6: =IF(AK6=0,"",IF(AW6="FT",IF(AX6<FT_First,FT_First,IF(AX6<FT_Y5,MIN(FT_Y5,FT_First+FT_Int1*(INT((AX6-FT_First)/FT_Int1)+1)),FT_Y5+12*INT((AX6-FT_Y5)/12)+FT_Int2*(INT(MOD(AX6-FT_Y5,12)/FT_Int2)+1))),IF(AW6="PT",IF(AX6<PT_First,PT_First,PT_First+PT_Int*(INT((AX6-PT_First)/PT_Int)+1)),""))) | BG6: =IF(AK6=0,"",IF(NOT(LH_Ready),0,COUNTIFS(INDEX(LH_Data,0,LH_ColFirst),$A6,INDEX(LH_Data,0,LH_ColSur),$B6,INDEX(LH_Data,0,LH_ColCat),BonusCat))) | BH6: =IF(AK6=0,"",IF(OR(NOT(LH_Ready),BG6=0),0,SUMPRODUCT(MAX((INDEX(LH_Data,0,LH_ColFirst)=$A6)*(INDEX(LH_Data,0,LH_ColSur)=$B6)*(INDEX(LH_Data,0,LH_ColCat)=BonusCat)*ROW(LH_Data))))) | BI6: =IF(AK6=0,"",IF(EOMONTH(AsOfDate,-1)<AL6,-1,12*(YEAR(EOMONTH(AsOfDate,-1))-YEAR(AL6))+MONTH(EOMONTH(AsOfDate,-1))-MONTH(AL6)-IF(DAY(EOMONTH(AsOfDate,-1))<MIN(DAY(AL6),DAY(EOMONTH(EOMONTH(AsOfDate,-1),0))),1,0))) | BJ6: =IF(AK6=0,"",IF(OR(AM6<2,AO6>EOMONTH(AsOfDate,-1)),BI6,IF((AO6-1)<AL6,-1,12*(YEAR((AO6-1))-YEAR(AL6))+MONTH((AO6-1))-MONTH(AL6)-IF(DAY((AO6-1))<MIN(DAY(AL6),DAY(EOMONTH((AO6-1),0))),1,0)))) | BK6: =IF(AK6=0,"",IF(OR(AM6<3,AP6>EOMONTH(AsOfDate,-1)),BI6,IF((AP6-1)<AL6,-1,12*(YEAR((AP6-1))-YEAR(AL6))+MONTH((AP6-1))-MONTH(AL6)-IF(DAY((AP6-1))<MIN(DAY(AL6),DAY(EOMONTH((AP6-1),0))),1,0)))) | BL6: =IF(AK6=0,"",IF(AT6="FT",IF(BJ6<FT_First,0,IF(BJ6<FT_Y5,1+INT((BJ6-FT_First)/FT_Int1),FT_PreY5+FT_PerYear*INT((BJ6-FT_Y5)/12)+FT_AnnivDays+INT(MOD(BJ6-FT_Y5,12)/FT_Int2)-IF(EDATE(AL6,FT_Y5)<PolicyEff,FT_AnnivDays-1,0))),IF(AT6="PT",IF(BJ6<PT_First,0,1+INT((BJ6-PT_First)/PT_Int)),0))+IF(AND(AM6>=2,AO6<=EOMONTH(AsOfDate,-1)),IF(AU6="FT",IF(BK6<FT_First,0,IF(BK6<FT_Y5,1+INT((BK6-FT_First)/FT_Int1),FT_PreY5+FT_PerYear*INT((BK6-FT_Y5)/12)+FT_AnnivDays+INT(MOD(BK6-FT_Y5,12)/FT_Int2)-IF(EDATE(AL6,FT_Y5)<PolicyEff,FT_AnnivDays-1,0))),IF(AU6="PT",IF(BK6<PT_First,0,1+INT((BK6-PT_First)/PT_Int)),0))-IF(AU6="FT",IF(BJ6<FT_First,0,IF(BJ6<FT_Y5,1+INT((BJ6-FT_First)/FT_Int1),FT_PreY5+FT_PerYear*INT((BJ6-FT_Y5)/12)+FT_AnnivDays+INT(MOD(BJ6-FT_Y5,12)/FT_Int2)-IF(EDATE(AL6,FT_Y5)<PolicyEff,FT_AnnivDays-1,0))),IF(AU6="PT",IF(BJ6<PT_First,0,1+INT((BJ6-PT_First)/PT_Int)),0)),0)+IF(AND(AM6>=3,AP6<=EOMONTH(AsOfDate,-1)),IF(AV6="FT",IF(BI6<FT_First,0,IF(BI6<FT_Y5,1+INT((BI6-FT_First)/FT_Int1),FT_PreY5+FT_PerYear*INT((BI6-FT_Y5)/12)+FT_AnnivDays+INT(MOD(BI6-FT_Y5,12)/FT_Int2)-IF(EDATE(AL6,FT_Y5)<PolicyEff,FT_AnnivDays-1,0))),IF(AV6="PT",IF(BI6<PT_First,0,1+INT((BI6-PT_First)/PT_Int)),0))-IF(AV6="FT",IF(BK6<FT_First,0,IF(BK6<FT_Y5,1+INT((BK6-FT_First)/FT_Int1),FT_PreY5+FT_PerYear*INT((BK6-FT_Y5)/12)+FT_AnnivDays+INT(MOD(BK6-FT_Y5,12)/FT_Int2)-IF(EDATE(AL6,FT_Y5)<PolicyEff,FT_AnnivDays-1,0))),IF(AV6="PT",IF(BK6<PT_First,0,1+INT((BK6-PT_First)/PT_Int)),0)),0)) | BM6: =IF(AK6=0,"",IF(AW6="FT",IF(AX6<FT_First,"",IF(AX6<FT_Y5,FT_First+FT_Int1*INT((AX6-FT_First)/FT_Int1),FT_Y5+FT_Int2*INT((AX6-FT_Y5)/FT_Int2))),IF(AW6="PT",IF(AX6<PT_First,"",PT_First+PT_Int*INT((AX6-PT_First)/PT_Int)),""))) | BN6: =IF(AK6=0,"",IF((SchemeStart-1)<AL6,-1,12*(YEAR((SchemeStart-1))-YEAR(AL6))+MONTH((SchemeStart-1))-MONTH(AL6)-IF(DAY((SchemeStart-1))<MIN(DAY(AL6),DAY(EOMONTH((SchemeStart-1),0))),1,0))) | BO6: =IF(AK6=0,"",IF(OR(AM6<2,AO6>(SchemeStart-1)),BN6,IF((AO6-1)<AL6,-1,12*(YEAR((AO6-1))-YEAR(AL6))+MONTH((AO6-1))-MONTH(AL6)-IF(DAY((AO6-1))<MIN(DAY(AL6),DAY(EOMONTH((AO6-1),0))),1,0)))) | BP6: =IF(AK6=0,"",IF(OR(AM6<3,AP6>(SchemeStart-1)),BN6,IF((AP6-1)<AL6,-1,12*(YEAR((AP6-1))-YEAR(AL6))+MONTH((AP6-1))-MONTH(AL6)-IF(DAY((AP6-1))<MIN(DAY(AL6),DAY(EOMONTH((AP6-1),0))),1,0)))) | BQ6: =IF(AK6=0,"",IF(AT6="FT",IF(BO6<FT_First,0,IF(BO6<FT_Y5,1+INT((BO6-FT_First)/FT_Int1),FT_PreY5+FT_PerYear*INT((BO6-FT_Y5)/12)+FT_AnnivDays+INT(MOD(BO6-FT_Y5,12)/FT_Int2)-IF(EDATE(AL6,FT_Y5)<PolicyEff,FT_AnnivDays-1,0))),IF(AT6="PT",IF(BO6<PT_First,0,1+INT((BO6-PT_First)/PT_Int)),0))+IF(AND(AM6>=2,AO6<=(SchemeStart-1)),IF(AU6="FT",IF(BP6<FT_First,0,IF(BP6<FT_Y5,1+INT((BP6-FT_First)/FT_Int1),FT_PreY5+FT_PerYear*INT((BP6-FT_Y5)/12)+FT_AnnivDays+INT(MOD(BP6-FT_Y5,12)/FT_Int2)-IF(EDATE(AL6,FT_Y5)<PolicyEff,FT_AnnivDays-1,0))),IF(AU6="PT",IF(BP6<PT_First,0,1+INT((BP6-PT_First)/PT_Int)),0))-IF(AU6="FT",IF(BO6<FT_First,0,IF(BO6<FT_Y5,1+INT((BO6-FT_First)/FT_Int1),FT_PreY5+FT_PerYear*INT((BO6-FT_Y5)/12)+FT_AnnivDays+INT(MOD(BO6-FT_Y5,12)/FT_Int2)-IF(EDATE(AL6,FT_Y5)<PolicyEff,FT_AnnivDays-1,0))),IF(AU6="PT",IF(BO6<PT_First,0,1+INT((BO6-PT_First)/PT_Int)),0)),0)+IF(AND(AM6>=3,AP6<=(SchemeStart-1)),IF(AV6="FT",IF(BN6<FT_First,0,IF(BN6<FT_Y5,1+INT((BN6-FT_First)/FT_Int1),FT_PreY5+FT_PerYear*INT((BN6-FT_Y5)/12)+FT_AnnivDays+INT(MOD(BN6-FT_Y5,12)/FT_Int2)-IF(EDATE(AL6,FT_Y5)<PolicyEff,FT_AnnivDays-1,0))),IF(AV6="PT",IF(BN6<PT_First,0,1+INT((BN6-PT_First)/PT_Int)),0))-IF(AV6="FT",IF(BP6<FT_First,0,IF(BP6<FT_Y5,1+INT((BP6-FT_First)/FT_Int1),FT_PreY5+FT_PerYear*INT((BP6-FT_Y5)/12)+FT_AnnivDays+INT(MOD(BP6-FT_Y5,12)/FT_Int2)-IF(EDATE(AL6,FT_Y5)<PolicyEff,FT_AnnivDays-1,0))),IF(AV6="PT",IF(BP6<PT_First,0,1+INT((BP6-PT_First)/PT_Int)),0)),0)) | BR6: =IF(LEN($A6&$B6)=0,"",$A6&" "&$B6)
E7: =IF(OR(AK7=0,$D7=""),"",DATE(YEAR(AsOfDate)+IF(DATE(YEAR(AsOfDate),MONTH($D7),DAY($D7))<=AsOfDate,1,0),MONTH($D7),DAY($D7))) | K7: =IF(AK7=0,"",DATE(YEAR(AsOfDate)+IF(DATE(YEAR(AsOfDate),MONTH(AL7),DAY(AL7))<=AsOfDate,1,0),MONTH(AL7),DAY(AL7))) | L7: =IF(AK7=0,"",ROUND((AsOfDate-AL7)/365.25,1)) | M7: =IF(AK7=0,"",IF(AsOfDate<AL7,"-",DATEDIF(AL7,AsOfDate,"y")&"y "&DATEDIF(AL7,AsOfDate,"ym")&"m "&DATEDIF(AL7,AsOfDate,"md")&"d")) | N7: =IF(AK7=0,"",O7*HoursPerDay) | O7: =IF(AK7=0,"",MAX(0,BD7-BQ7)) | Q7: =IF(AK7=0,"",IF(AM7<2,"",AQ7&" to "&AR7&" on "&TEXT(AO7,"dd/mm/yyyy")&IF(AO7>AsOfDate," (future)",IF(AT7=AU7,"",IF(AU7="None"," - STOPPED accruing",IF(AT7="None"," - commencement for Bonus Leave"," - pathway changed"))))&IF(AM7<3,"","; "&AR7&" to "&AS7&" on "&TEXT(AP7,"dd/mm/yyyy")&IF(AP7>AsOfDate," (future)",IF(AU7=AV7,"",IF(AV7="None"," - STOPPED accruing",IF(AU7="None"," - commencement for Bonus Leave"," - pathway changed"))))))) | R7: =IF(AK7=0,"",IF(AW7="None",IF(O7>0,"No longer accruing","Not eligible - "&IF(AND(OR(ISNUMBER(SEARCH("part",$C7)),UPPER(TRIM($C7))="PT",UPPER(TRIM($C7))="PTE"),Apply2026="No"),"part-time (scheme is full-time only)",IF(AND(OR(ISNUMBER(SEARCH("part",$C7)),UPPER(TRIM($C7))="PT",UPPER(TRIM($C7))="PTE"),$P7<>"",N($P7)<PT_MinHours),"under "&PT_MinHours&" hrs",IF(IF($C7="","",IF(OR(ISNUMBER(SEARCH("full",$C7)),UPPER(TRIM($C7))="FT",UPPER(TRIM($C7))="FTE"),"Full-Time",IF(OR(ISNUMBER(SEARCH("part",$C7)),UPPER(TRIM($C7))="PT",UPPER(TRIM($C7))="PTE"),"Part-Time",IF(OR(ISNUMBER(SEARCH("cas",$C7)),UPPER(TRIM($C7))="CAS"),"Casual","Unknown"))))="Unknown","type not recognised",$C7)))),IF(O7>0,"Yes - Accrual Required","Not yet - from "&TEXT(S7,"dd/mm/yyyy")))) | S7: =IF(AK7=0,"",IF(AW7="None","",EDATE(AL7,BF7))) | T7: =IF(AK7=0,"",IF(NOT(LH_Ready),"",IF($F7>PFYDate,0,IF(LH_ColPeriod=0,W7-U7+V7,SUMIFS(INDEX(LH_Data,0,LH_ColAcc),INDEX(LH_Data,0,LH_ColFirst),$A7,INDEX(LH_Data,0,LH_ColSur),$B7,INDEX(LH_Data,0,LH_ColCat),BonusCat,INDEX(LH_Data,0,LH_ColPeriod),LH_OpenLabel)*UnitFactor)))) | U7: =IF(AK7=0,"",IF(NOT(LH_Ready),"",SUMIFS(INDEX(LH_Data,0,LH_ColAcc),INDEX(LH_Data,0,LH_ColFirst),$A7,INDEX(LH_Data,0,LH_ColSur),$B7,INDEX(LH_Data,0,LH_ColCat),BonusCat,INDEX(LH_Data,0,LH_ColStart),">="&AL7)*UnitFactor)) | V7: =IF(AK7=0,"",IF(NOT(LH_Ready),"",SUMIFS(INDEX(LH_Data,0,LH_ColTaken),INDEX(LH_Data,0,LH_ColFirst),$A7,INDEX(LH_Data,0,LH_ColSur),$B7,INDEX(LH_Data,0,LH_ColCat),BonusCat,INDEX(LH_Data,0,LH_ColStart),">="&AL7)*UnitFactor)) | W7: =IF(AK7=0,"",IF(NOT(LH_Ready),"",IF(BH7=0,0,INDEX(INDEX(LH_Data,0,LH_ColClose),BH7-1)*UnitFactor))) | X7: =IF(AK7=0,"",(MAX(0,BD7-BQ7)-MAX(0,BE7-BQ7))*HoursPerDay) | Y7: =IF(AK7=0,"",IF(NOT(LH_Ready),"",IF($AI7="Yes",N(AE7)*HoursPerDay-SUMIFS(INDEX(LH_Data,0,LH_ColAcc),INDEX(LH_Data,0,LH_ColFirst),$A7,INDEX(LH_Data,0,LH_ColSur),$B7,INDEX(LH_Data,0,LH_ColCat),BonusCat,INDEX(LH_Data,0,LH_ColStart),">="&(EOMONTH(AsOfDate,-1)+1),INDEX(LH_Data,0,LH_ColStart),"<="&AsOfDate)*UnitFactor,IF(BG7=0,N7,N7-N(T7)-N(U7))))) | Z7: =IF(OR(AK7=0,Y7=""),"",IF(Y7>0,"Yes","No")) | AA7: =IF(AK7=0,IF(LEN($A7&$B7)=0,"","FIX INPUT - StartDate missing"),IF(AD7<>"","FIX INPUT - "&AD7,IF(NOT(LH_Ready),"Paste Leave History export (Settings must show YES)",IF(AND($AI7="Yes",Y7<=0),"OK - EH balance accepted to date"&IF(N(AH7)>0," (EH holds "&AH7&" hrs over the scheme)","")&"; next day "&TEXT(S7,"dd mmm yy")&IF(N(AE7)>0," ("&AE7&" day(s) for "&UPPER(TEXT(AsOfDate,"mmm yyyy"))&" already in EH)",""),IF(Y7>0,"ACCRUE "&ROUND(Y7,2)&" hrs ("&ROUND(Y7/HoursPerDay,2)&" days): "&IF(N(AE7)>0,AE7&" day(s) for "&UPPER(TEXT(AsOfDate,"mmm yyyy"))&" (milestone "&UPPER(TEXT(AF7,"dd mmm yy"))&")"&IF(Y7/HoursPerDay>AE7+0.001," + "&ROUND(Y7/HoursPerDay-AE7,2)&" day(s) catch-up from earlier months",""),"all catch-up from earlier months, nothing new this month")&IF(BG7=0,"; no Bonus Leave in EH yet",""),IF(Y7<0,"CHECK - EH accrued "&ROUND(-Y7,2)&" hrs more than policy since commencement",IF(N(W7)>O7*HoursPerDay+0.01,"CHECK - EH balance "&ROUND(W7-O7*HoursPerDay,2)&" hrs more than policy entitlement",IF(O7>0,"OK - nothing to add"&IF(N(AE7)>0," ("&AE7&" day(s) for "&UPPER(TEXT(AsOfDate,"mmm yyyy"))&" already in EH)",""),IF(AW7="None",R7,"Not yet - first day on "&TEXT(S7,"dd/mm/yyyy")))))))))) | AB7: =IF(OR(AK7=0,T7=""),"",MAX(0,BE7-BQ7)*HoursPerDay-T7) | AC7: =IF(AK7=0,"",BG7) | AD7: =IF(AK7=0,"",TRIM(IF(OR(ISTEXT($F7),ISTEXT($H7),ISTEXT($I7),ISTEXT($G7),ISTEXT($J7),ISTEXT($D7)),"A date is typed as text - retype it as dd/mm/yyyy. ","")&IF(IF($C7="","",IF(OR(ISNUMBER(SEARCH("full",$C7)),UPPER(TRIM($C7))="FT",UPPER(TRIM($C7))="FTE"),"Full-Time",IF(OR(ISNUMBER(SEARCH("part",$C7)),UPPER(TRIM($C7))="PT",UPPER(TRIM($C7))="PTE"),"Part-Time",IF(OR(ISNUMBER(SEARCH("cas",$C7)),UPPER(TRIM($C7))="CAS"),"Casual","Unknown"))))="Unknown","EmploymentType not recognised - use Full-Time, Part-Time or Casual. ","")&IF(AND(AM7>=1,IF(AM7>=3,AS7,IF(AM7=2,AR7,AQ7))<>IF($C7="","",IF(OR(ISNUMBER(SEARCH("full",$C7)),UPPER(TRIM($C7))="FT",UPPER(TRIM($C7))="FTE"),"Full-Time",IF(OR(ISNUMBER(SEARCH("part",$C7)),UPPER(TRIM($C7))="PT",UPPER(TRIM($C7))="PTE"),"Part-Time",IF(OR(ISNUMBER(SEARCH("cas",$C7)),UPPER(TRIM($C7))="CAS"),"Casual","Unknown"))))),"EmploymentType does not match latest start date ("&IF(AM7>=3,AS7,IF(AM7=2,AR7,AQ7))&"). ","")&IF(AND(AM7>=1,AN7<>$F7),"Earliest type date should equal StartDate. ","")&IF(AND(AM7>=2,AN7=AO7),"Two types start on the same date. ","")&IF(AND(OR(ISNUMBER(SEARCH("part",$C7)),UPPER(TRIM($C7))="PT",UPPER(TRIM($C7))="PTE"),$P7=""),"Part-time: enter PT Hrs/Week (blank = 24+). ",""))) | AE7: =IF(AK7=0,"",O7-MAX(0,BL7-BQ7)) | AF7: =IF(OR(AK7=0,AE7="",N(AE7)=0,BM7=""),"",EDATE(AL7,BM7)) | AG7: =IF(AK7=0,"",MIN(BD7,BQ7)) | AH7: =IF(AK7=0,"",IF(NOT(LH_Ready),"",IF(BG7=0,0,MAX(0,ROUND(N(T7)+N(U7)-N7,2))))) | AK7: =IF(OR(LEN($A7&$B7)=0,$F7=""),0,1) -> 0 | AL7: =IF(AK7=0,"",IF(PreSchemeCounts="No",MAX(SchemeStart,IF($J7<>"",$J7,IF(OR(CasualCounts="Yes",COUNT($G7:$I7)=0),$F7,IF(Apply2026="No",IF($I7="",$F7,$I7),IF(COUNT($H7:$I7)=0,$F7,MIN($H7:$I7)))))),IF($J7<>"",$J7,IF(OR(CasualCounts="Yes",COUNT($G7:$I7)=0),$F7,IF(Apply2026="No",IF($I7="",$F7,$I7),IF(COUNT($H7:$I7)=0,$F7,MIN($H7:$I7))))))) | AM7: =IF(AK7=0,"",COUNT($G7:$I7)) | AN7: =IF(AK7=0,"",IFERROR(SMALL($G7:$I7,1),"")) | AO7: =IF(AK7=0,"",IFERROR(SMALL($G7:$I7,2),"")) | AP7: =IF(AK7=0,"",IFERROR(SMALL($G7:$I7,3),"")) | AQ7: =IF(AK7=0,"",IF(AN7="","",IF(AN7=$H7,"Part-Time",IF(AN7=$I7,"Full-Time","Casual")))) | AR7: =IF(AK7=0,"",IF(AO7="","",IF(AO7=$H7,"Part-Time",IF(AO7=$I7,"Full-Time","Casual")))) | AS7: =IF(AK7=0,"",IF(AP7="","",IF(AP7=$H7,"Part-Time",IF(AP7=$I7,"Full-Time","Casual")))) | AT7: =IF(AK7=0,"",IF(AM7=0,IF(OR(ISNUMBER(SEARCH("full",$C7)),UPPER(TRIM($C7))="FT",UPPER(TRIM($C7))="FTE"),"FT",IF(AND(OR(ISNUMBER(SEARCH("part",$C7)),UPPER(TRIM($C7))="PT",UPPER(TRIM($C7))="PTE"),Apply2026="Yes",OR($P7="",N($P7)>=PT_MinHours)),"PT","None")),IF(OR(ISNUMBER(SEARCH("full",AQ7)),UPPER(TRIM(AQ7))="FT",UPPER(TRIM(AQ7))="FTE"),"FT",IF(AND(OR(ISNUMBER(SEARCH("part",AQ7)),UPPER(TRIM(AQ7))="PT",UPPER(TRIM(AQ7))="PTE"),Apply2026="Yes",OR($P7="",N($P7)>=PT_MinHours)),"PT","None")))) | AU7: =IF(AK7=0,"",IF(AM7<2,"",IF(OR(ISNUMBER(SEARCH("full",AR7)),UPPER(TRIM(AR7))="FT",UPPER(TRIM(AR7))="FTE"),"FT",IF(AND(OR(ISNUMBER(SEARCH("part",AR7)),UPPER(TRIM(AR7))="PT",UPPER(TRIM(AR7))="PTE"),Apply2026="Yes",OR($P7="",N($P7)>=PT_MinHours)),"PT","None")))) | AV7: =IF(AK7=0,"",IF(AM7<3,"",IF(OR(ISNUMBER(SEARCH("full",AS7)),UPPER(TRIM(AS7))="FT",UPPER(TRIM(AS7))="FTE"),"FT",IF(AND(OR(ISNUMBER(SEARCH("part",AS7)),UPPER(TRIM(AS7))="PT",UPPER(TRIM(AS7))="PTE"),Apply2026="Yes",OR($P7="",N($P7)>=PT_MinHours)),"PT","None")))) | AW7: =IF(AK7=0,"",IF(AND(AM7>=3,AP7<=AsOfDate),AV7,IF(AND(AM7>=2,AO7<=AsOfDate),AU7,AT7))) | AX7: =IF(AK7=0,"",IF(AsOfDate<AL7,-1,12*(YEAR(AsOfDate)-YEAR(AL7))+MONTH(AsOfDate)-MONTH(AL7)-IF(DAY(AsOfDate)<MIN(DAY(AL7),DAY(EOMONTH(AsOfDate,0))),1,0))) | AY7: =IF(AK7=0,"",IF(OR(AM7<2,AO7>AsOfDate),AX7,IF((AO7-1)<AL7,-1,12*(YEAR((AO7-1))-YEAR(AL7))+MONTH((AO7-1))-MONTH(AL7)-IF(DAY((AO7-1))<MIN(DAY(AL7),DAY(EOMONTH((AO7-1),0))),1,0)))) | AZ7: =IF(AK7=0,"",IF(OR(AM7<3,AP7>AsOfDate),AX7,IF((AP7-1)<AL7,-1,12*(YEAR((AP7-1))-YEAR(AL7))+MONTH((AP7-1))-MONTH(AL7)-IF(DAY((AP7-1))<MIN(DAY(AL7),DAY(EOMONTH((AP7-1),0))),1,0)))) | BA7: =IF(AK7=0,"",IF(PFYDate<AL7,-1,12*(YEAR(PFYDate)-YEAR(AL7))+MONTH(PFYDate)-MONTH(AL7)-IF(DAY(PFYDate)<MIN(DAY(AL7),DAY(EOMONTH(PFYDate,0))),1,0))) | BB7: =IF(AK7=0,"",IF(OR(AM7<2,AO7>PFYDate),BA7,IF((AO7-1)<AL7,-1,12*(YEAR((AO7-1))-YEAR(AL7))+MONTH((AO7-1))-MONTH(AL7)-IF(DAY((AO7-1))<MIN(DAY(AL7),DAY(EOMONTH((AO7-1),0))),1,0)))) | BC7: =IF(AK7=0,"",IF(OR(AM7<3,AP7>PFYDate),BA7,IF((AP7-1)<AL7,-1,12*(YEAR((AP7-1))-YEAR(AL7))+MONTH((AP7-1))-MONTH(AL7)-IF(DAY((AP7-1))<MIN(DAY(AL7),DAY(EOMONTH((AP7-1),0))),1,0)))) | BD7: =IF(AK7=0,"",IF(AT7="FT",IF(AY7<FT_First,0,IF(AY7<FT_Y5,1+INT((AY7-FT_First)/FT_Int1),FT_PreY5+FT_PerYear*INT((AY7-FT_Y5)/12)+FT_AnnivDays+INT(MOD(AY7-FT_Y5,12)/FT_Int2)-IF(EDATE(AL7,FT_Y5)<PolicyEff,FT_AnnivDays-1,0))),IF(AT7="PT",IF(AY7<PT_First,0,1+INT((AY7-PT_First)/PT_Int)),0))+IF(AND(AM7>=2,AO7<=AsOfDate),IF(AU7="FT",IF(AZ7<FT_First,0,IF(AZ7<FT_Y5,1+INT((AZ7-FT_First)/FT_Int1),FT_PreY5+FT_PerYear*INT((AZ7-FT_Y5)/12)+FT_AnnivDays+INT(MOD(AZ7-FT_Y5,12)/FT_Int2)-IF(EDATE(AL7,FT_Y5)<PolicyEff,FT_AnnivDays-1,0))),IF(AU7="PT",IF(AZ7<PT_First,0,1+INT((AZ7-PT_First)/PT_Int)),0))-IF(AU7="FT",IF(AY7<FT_First,0,IF(AY7<FT_Y5,1+INT((AY7-FT_First)/FT_Int1),FT_PreY5+FT_PerYear*INT((AY7-FT_Y5)/12)+FT_AnnivDays+INT(MOD(AY7-FT_Y5,12)/FT_Int2)-IF(EDATE(AL7,FT_Y5)<PolicyEff,FT_AnnivDays-1,0))),IF(AU7="PT",IF(AY7<PT_First,0,1+INT((AY7-PT_First)/PT_Int)),0)),0)+IF(AND(AM7>=3,AP7<=AsOfDate),IF(AV7="FT",IF(AX7<FT_First,0,IF(AX7<FT_Y5,1+INT((AX7-FT_First)/FT_Int1),FT_PreY5+FT_PerYear*INT((AX7-FT_Y5)/12)+FT_AnnivDays+INT(MOD(AX7-FT_Y5,12)/FT_Int2)-IF(EDATE(AL7,FT_Y5)<PolicyEff,FT_AnnivDays-1,0))),IF(AV7="PT",IF(AX7<PT_First,0,1+INT((AX7-PT_First)/PT_Int)),0))-IF(AV7="FT",IF(AZ7<FT_First,0,IF(AZ7<FT_Y5,1+INT((AZ7-FT_First)/FT_Int1),FT_PreY5+FT_PerYear*INT((AZ7-FT_Y5)/12)+FT_AnnivDays+INT(MOD(AZ7-FT_Y5,12)/FT_Int2)-IF(EDATE(AL7,FT_Y5)<PolicyEff,FT_AnnivDays-1,0))),IF(AV7="PT",IF(AZ7<PT_First,0,1+INT((AZ7-PT_First)/PT_Int)),0)),0)) | BE7: =IF(AK7=0,"",IF(AT7="FT",IF(BB7<FT_First,0,IF(BB7<FT_Y5,1+INT((BB7-FT_First)/FT_Int1),FT_PreY5+FT_PerYear*INT((BB7-FT_Y5)/12)+FT_AnnivDays+INT(MOD(BB7-FT_Y5,12)/FT_Int2)-IF(EDATE(AL7,FT_Y5)<PolicyEff,FT_AnnivDays-1,0))),IF(AT7="PT",IF(BB7<PT_First,0,1+INT((BB7-PT_First)/PT_Int)),0))+IF(AND(AM7>=2,AO7<=PFYDate),IF(AU7="FT",IF(BC7<FT_First,0,IF(BC7<FT_Y5,1+INT((BC7-FT_First)/FT_Int1),FT_PreY5+FT_PerYear*INT((BC7-FT_Y5)/12)+FT_AnnivDays+INT(MOD(BC7-FT_Y5,12)/FT_Int2)-IF(EDATE(AL7,FT_Y5)<PolicyEff,FT_AnnivDays-1,0))),IF(AU7="PT",IF(BC7<PT_First,0,1+INT((BC7-PT_First)/PT_Int)),0))-IF(AU7="FT",IF(BB7<FT_First,0,IF(BB7<FT_Y5,1+INT((BB7-FT_First)/FT_Int1),FT_PreY5+FT_PerYear*INT((BB7-FT_Y5)/12)+FT_AnnivDays+INT(MOD(BB7-FT_Y5,12)/FT_Int2)-IF(EDATE(AL7,FT_Y5)<PolicyEff,FT_AnnivDays-1,0))),IF(AU7="PT",IF(BB7<PT_First,0,1+INT((BB7-PT_First)/PT_Int)),0)),0)+IF(AND(AM7>=3,AP7<=PFYDate),IF(AV7="FT",IF(BA7<FT_First,0,IF(BA7<FT_Y5,1+INT((BA7-FT_First)/FT_Int1),FT_PreY5+FT_PerYear*INT((BA7-FT_Y5)/12)+FT_AnnivDays+INT(MOD(BA7-FT_Y5,12)/FT_Int2)-IF(EDATE(AL7,FT_Y5)<PolicyEff,FT_AnnivDays-1,0))),IF(AV7="PT",IF(BA7<PT_First,0,1+INT((BA7-PT_First)/PT_Int)),0))-IF(AV7="FT",IF(BC7<FT_First,0,IF(BC7<FT_Y5,1+INT((BC7-FT_First)/FT_Int1),FT_PreY5+FT_PerYear*INT((BC7-FT_Y5)/12)+FT_AnnivDays+INT(MOD(BC7-FT_Y5,12)/FT_Int2)-IF(EDATE(AL7,FT_Y5)<PolicyEff,FT_AnnivDays-1,0))),IF(AV7="PT",IF(BC7<PT_First,0,1+INT((BC7-PT_First)/PT_Int)),0)),0)) | BF7: =IF(AK7=0,"",IF(AW7="FT",IF(AX7<FT_First,FT_First,IF(AX7<FT_Y5,MIN(FT_Y5,FT_First+FT_Int1*(INT((AX7-FT_First)/FT_Int1)+1)),FT_Y5+12*INT((AX7-FT_Y5)/12)+FT_Int2*(INT(MOD(AX7-FT_Y5,12)/FT_Int2)+1))),IF(AW7="PT",IF(AX7<PT_First,PT_First,PT_First+PT_Int*(INT((AX7-PT_First)/PT_Int)+1)),""))) | BG7: =IF(AK7=0,"",IF(NOT(LH_Ready),0,COUNTIFS(INDEX(LH_Data,0,LH_ColFirst),$A7,INDEX(LH_Data,0,LH_ColSur),$B7,INDEX(LH_Data,0,LH_ColCat),BonusCat))) | BH7: =IF(AK7=0,"",IF(OR(NOT(LH_Ready),BG7=0),0,SUMPRODUCT(MAX((INDEX(LH_Data,0,LH_ColFirst)=$A7)*(INDEX(LH_Data,0,LH_ColSur)=$B7)*(INDEX(LH_Data,0,LH_ColCat)=BonusCat)*ROW(LH_Data))))) | BI7: =IF(AK7=0,"",IF(EOMONTH(AsOfDate,-1)<AL7,-1,12*(YEAR(EOMONTH(AsOfDate,-1))-YEAR(AL7))+MONTH(EOMONTH(AsOfDate,-1))-MONTH(AL7)-IF(DAY(EOMONTH(AsOfDate,-1))<MIN(DAY(AL7),DAY(EOMONTH(EOMONTH(AsOfDate,-1),0))),1,0))) | BJ7: =IF(AK7=0,"",IF(OR(AM7<2,AO7>EOMONTH(AsOfDate,-1)),BI7,IF((AO7-1)<AL7,-1,12*(YEAR((AO7-1))-YEAR(AL7))+MONTH((AO7-1))-MONTH(AL7)-IF(DAY((AO7-1))<MIN(DAY(AL7),DAY(EOMONTH((AO7-1),0))),1,0)))) | BK7: =IF(AK7=0,"",IF(OR(AM7<3,AP7>EOMONTH(AsOfDate,-1)),BI7,IF((AP7-1)<AL7,-1,12*(YEAR((AP7-1))-YEAR(AL7))+MONTH((AP7-1))-MONTH(AL7)-IF(DAY((AP7-1))<MIN(DAY(AL7),DAY(EOMONTH((AP7-1),0))),1,0)))) | BL7: =IF(AK7=0,"",IF(AT7="FT",IF(BJ7<FT_First,0,IF(BJ7<FT_Y5,1+INT((BJ7-FT_First)/FT_Int1),FT_PreY5+FT_PerYear*INT((BJ7-FT_Y5)/12)+FT_AnnivDays+INT(MOD(BJ7-FT_Y5,12)/FT_Int2)-IF(EDATE(AL7,FT_Y5)<PolicyEff,FT_AnnivDays-1,0))),IF(AT7="PT",IF(BJ7<PT_First,0,1+INT((BJ7-PT_First)/PT_Int)),0))+IF(AND(AM7>=2,AO7<=EOMONTH(AsOfDate,-1)),IF(AU7="FT",IF(BK7<FT_First,0,IF(BK7<FT_Y5,1+INT((BK7-FT_First)/FT_Int1),FT_PreY5+FT_PerYear*INT((BK7-FT_Y5)/12)+FT_AnnivDays+INT(MOD(BK7-FT_Y5,12)/FT_Int2)-IF(EDATE(AL7,FT_Y5)<PolicyEff,FT_AnnivDays-1,0))),IF(AU7="PT",IF(BK7<PT_First,0,1+INT((BK7-PT_First)/PT_Int)),0))-IF(AU7="FT",IF(BJ7<FT_First,0,IF(BJ7<FT_Y5,1+INT((BJ7-FT_First)/FT_Int1),FT_PreY5+FT_PerYear*INT((BJ7-FT_Y5)/12)+FT_AnnivDays+INT(MOD(BJ7-FT_Y5,12)/FT_Int2)-IF(EDATE(AL7,FT_Y5)<PolicyEff,FT_AnnivDays-1,0))),IF(AU7="PT",IF(BJ7<PT_First,0,1+INT((BJ7-PT_First)/PT_Int)),0)),0)+IF(AND(AM7>=3,AP7<=EOMONTH(AsOfDate,-1)),IF(AV7="FT",IF(BI7<FT_First,0,IF(BI7<FT_Y5,1+INT((BI7-FT_First)/FT_Int1),FT_PreY5+FT_PerYear*INT((BI7-FT_Y5)/12)+FT_AnnivDays+INT(MOD(BI7-FT_Y5,12)/FT_Int2)-IF(EDATE(AL7,FT_Y5)<PolicyEff,FT_AnnivDays-1,0))),IF(AV7="PT",IF(BI7<PT_First,0,1+INT((BI7-PT_First)/PT_Int)),0))-IF(AV7="FT",IF(BK7<FT_First,0,IF(BK7<FT_Y5,1+INT((BK7-FT_First)/FT_Int1),FT_PreY5+FT_PerYear*INT((BK7-FT_Y5)/12)+FT_AnnivDays+INT(MOD(BK7-FT_Y5,12)/FT_Int2)-IF(EDATE(AL7,FT_Y5)<PolicyEff,FT_AnnivDays-1,0))),IF(AV7="PT",IF(BK7<PT_First,0,1+INT((BK7-PT_First)/PT_Int)),0)),0)) | BM7: =IF(AK7=0,"",IF(AW7="FT",IF(AX7<FT_First,"",IF(AX7<FT_Y5,FT_First+FT_Int1*INT((AX7-FT_First)/FT_Int1),FT_Y5+FT_Int2*INT((AX7-FT_Y5)/FT_Int2))),IF(AW7="PT",IF(AX7<PT_First,"",PT_First+PT_Int*INT((AX7-PT_First)/PT_Int)),""))) | BN7: =IF(AK7=0,"",IF((SchemeStart-1)<AL7,-1,12*(YEAR((SchemeStart-1))-YEAR(AL7))+MONTH((SchemeStart-1))-MONTH(AL7)-IF(DAY((SchemeStart-1))<MIN(DAY(AL7),DAY(EOMONTH((SchemeStart-1),0))),1,0))) | BO7: =IF(AK7=0,"",IF(OR(AM7<2,AO7>(SchemeStart-1)),BN7,IF((AO7-1)<AL7,-1,12*(YEAR((AO7-1))-YEAR(AL7))+MONTH((AO7-1))-MONTH(AL7)-IF(DAY((AO7-1))<MIN(DAY(AL7),DAY(EOMONTH((AO7-1),0))),1,0)))) | BP7: =IF(AK7=0,"",IF(OR(AM7<3,AP7>(SchemeStart-1)),BN7,IF((AP7-1)<AL7,-1,12*(YEAR((AP7-1))-YEAR(AL7))+MONTH((AP7-1))-MONTH(AL7)-IF(DAY((AP7-1))<MIN(DAY(AL7),DAY(EOMONTH((AP7-1),0))),1,0)))) | BQ7: =IF(AK7=0,"",IF(AT7="FT",IF(BO7<FT_First,0,IF(BO7<FT_Y5,1+INT((BO7-FT_First)/FT_Int1),FT_PreY5+FT_PerYear*INT((BO7-FT_Y5)/12)+FT_AnnivDays+INT(MOD(BO7-FT_Y5,12)/FT_Int2)-IF(EDATE(AL7,FT_Y5)<PolicyEff,FT_AnnivDays-1,0))),IF(AT7="PT",IF(BO7<PT_First,0,1+INT((BO7-PT_First)/PT_Int)),0))+IF(AND(AM7>=2,AO7<=(SchemeStart-1)),IF(AU7="FT",IF(BP7<FT_First,0,IF(BP7<FT_Y5,1+INT((BP7-FT_First)/FT_Int1),FT_PreY5+FT_PerYear*INT((BP7-FT_Y5)/12)+FT_AnnivDays+INT(MOD(BP7-FT_Y5,12)/FT_Int2)-IF(EDATE(AL7,FT_Y5)<PolicyEff,FT_AnnivDays-1,0))),IF(AU7="PT",IF(BP7<PT_First,0,1+INT((BP7-PT_First)/PT_Int)),0))-IF(AU7="FT",IF(BO7<FT_First,0,IF(BO7<FT_Y5,1+INT((BO7-FT_First)/FT_Int1),FT_PreY5+FT_PerYear*INT((BO7-FT_Y5)/12)+FT_AnnivDays+INT(MOD(BO7-FT_Y5,12)/FT_Int2)-IF(EDATE(AL7,FT_Y5)<PolicyEff,FT_AnnivDays-1,0))),IF(AU7="PT",IF(BO7<PT_First,0,1+INT((BO7-PT_First)/PT_Int)),0)),0)+IF(AND(AM7>=3,AP7<=(SchemeStart-1)),IF(AV7="FT",IF(BN7<FT_First,0,IF(BN7<FT_Y5,1+INT((BN7-FT_First)/FT_Int1),FT_PreY5+FT_PerYear*INT((BN7-FT_Y5)/12)+FT_AnnivDays+INT(MOD(BN7-FT_Y5,12)/FT_Int2)-IF(EDATE(AL7,FT_Y5)<PolicyEff,FT_AnnivDays-1,0))),IF(AV7="PT",IF(BN7<PT_First,0,1+INT((BN7-PT_First)/PT_Int)),0))-IF(AV7="FT",IF(BP7<FT_First,0,IF(BP7<FT_Y5,1+INT((BP7-FT_First)/FT_Int1),FT_PreY5+FT_PerYear*INT((BP7-FT_Y5)/12)+FT_AnnivDays+INT(MOD(BP7-FT_Y5,12)/FT_Int2)-IF(EDATE(AL7,FT_Y5)<PolicyEff,FT_AnnivDays-1,0))),IF(AV7="PT",IF(BP7<PT_First,0,1+INT((BP7-PT_First)/PT_Int)),0)),0)) | BR7: =IF(LEN($A7&$B7)=0,"",$A7&" "&$B7)
E8: =IF(OR(AK8=0,$D8=""),"",DATE(YEAR(AsOfDate)+IF(DATE(YEAR(AsOfDate),MONTH($D8),DAY($D8))<=AsOfDate,1,0),MONTH($D8),DAY($D8))) | K8: =IF(AK8=0,"",DATE(YEAR(AsOfDate)+IF(DATE(YEAR(AsOfDate),MONTH(AL8),DAY(AL8))<=AsOfDate,1,0),MONTH(AL8),DAY(AL8))) | L8: =IF(AK8=0,"",ROUND((AsOfDate-AL8)/365.25,1)) | M8: =IF(AK8=0,"",IF(AsOfDate<AL8,"-",DATEDIF(AL8,AsOfDate,"y")&"y "&DATEDIF(AL8,AsOfDate,"ym")&"m "&DATEDIF(AL8,AsOfDate,"md")&"d")) | N8: =IF(AK8=0,"",O8*HoursPerDay) | O8: =IF(AK8=0,"",MAX(0,BD8-BQ8)) | Q8: =IF(AK8=0,"",IF(AM8<2,"",AQ8&" to "&AR8&" on "&TEXT(AO8,"dd/mm/yyyy")&IF(AO8>AsOfDate," (future)",IF(AT8=AU8,"",IF(AU8="None"," - STOPPED accruing",IF(AT8="None"," - commencement for Bonus Leave"," - pathway changed"))))&IF(AM8<3,"","; "&AR8&" to "&AS8&" on "&TEXT(AP8,"dd/mm/yyyy")&IF(AP8>AsOfDate," (future)",IF(AU8=AV8,"",IF(AV8="None"," - STOPPED accruing",IF(AU8="None"," - commencement for Bonus Leave"," - pathway changed"))))))) | R8: =IF(AK8=0,"",IF(AW8="None",IF(O8>0,"No longer accruing","Not eligible - "&IF(AND(OR(ISNUMBER(SEARCH("part",$C8)),UPPER(TRIM($C8))="PT",UPPER(TRIM($C8))="PTE"),Apply2026="No"),"part-time (scheme is full-time only)",IF(AND(OR(ISNUMBER(SEARCH("part",$C8)),UPPER(TRIM($C8))="PT",UPPER(TRIM($C8))="PTE"),$P8<>"",N($P8)<PT_MinHours),"under "&PT_MinHours&" hrs",IF(IF($C8="","",IF(OR(ISNUMBER(SEARCH("full",$C8)),UPPER(TRIM($C8))="FT",UPPER(TRIM($C8))="FTE"),"Full-Time",IF(OR(ISNUMBER(SEARCH("part",$C8)),UPPER(TRIM($C8))="PT",UPPER(TRIM($C8))="PTE"),"Part-Time",IF(OR(ISNUMBER(SEARCH("cas",$C8)),UPPER(TRIM($C8))="CAS"),"Casual","Unknown"))))="Unknown","type not recognised",$C8)))),IF(O8>0,"Yes - Accrual Required","Not yet - from "&TEXT(S8,"dd/mm/yyyy")))) | S8: =IF(AK8=0,"",IF(AW8="None","",EDATE(AL8,BF8))) | T8: =IF(AK8=0,"",IF(NOT(LH_Ready),"",IF($F8>PFYDate,0,IF(LH_ColPeriod=0,W8-U8+V8,SUMIFS(INDEX(LH_Data,0,LH_ColAcc),INDEX(LH_Data,0,LH_ColFirst),$A8,INDEX(LH_Data,0,LH_ColSur),$B8,INDEX(LH_Data,0,LH_ColCat),BonusCat,INDEX(LH_Data,0,LH_ColPeriod),LH_OpenLabel)*UnitFactor)))) | U8: =IF(AK8=0,"",IF(NOT(LH_Ready),"",SUMIFS(INDEX(LH_Data,0,LH_ColAcc),INDEX(LH_Data,0,LH_ColFirst),$A8,INDEX(LH_Data,0,LH_ColSur),$B8,INDEX(LH_Data,0,LH_ColCat),BonusCat,INDEX(LH_Data,0,LH_ColStart),">="&AL8)*UnitFactor)) | V8: =IF(AK8=0,"",IF(NOT(LH_Ready),"",SUMIFS(INDEX(LH_Data,0,LH_ColTaken),INDEX(LH_Data,0,LH_ColFirst),$A8,INDEX(LH_Data,0,LH_ColSur),$B8,INDEX(LH_Data,0,LH_ColCat),BonusCat,INDEX(LH_Data,0,LH_ColStart),">="&AL8)*UnitFactor)) | W8: =IF(AK8=0,"",IF(NOT(LH_Ready),"",IF(BH8=0,0,INDEX(INDEX(LH_Data,0,LH_ColClose),BH8-1)*UnitFactor))) | X8: =IF(AK8=0,"",(MAX(0,BD8-BQ8)-MAX(0,BE8-BQ8))*HoursPerDay) | Y8: =IF(AK8=0,"",IF(NOT(LH_Ready),"",IF($AI8="Yes",N(AE8)*HoursPerDay-SUMIFS(INDEX(LH_Data,0,LH_ColAcc),INDEX(LH_Data,0,LH_ColFirst),$A8,INDEX(LH_Data,0,LH_ColSur),$B8,INDEX(LH_Data,0,LH_ColCat),BonusCat,INDEX(LH_Data,0,LH_ColStart),">="&(EOMONTH(AsOfDate,-1)+1),INDEX(LH_Data,0,LH_ColStart),"<="&AsOfDate)*UnitFactor,IF(BG8=0,N8,N8-N(T8)-N(U8))))) | Z8: =IF(OR(AK8=0,Y8=""),"",IF(Y8>0,"Yes","No")) | AA8: =IF(AK8=0,IF(LEN($A8&$B8)=0,"","FIX INPUT - StartDate missing"),IF(AD8<>"","FIX INPUT - "&AD8,IF(NOT(LH_Ready),"Paste Leave History export (Settings must show YES)",IF(AND($AI8="Yes",Y8<=0),"OK - EH balance accepted to date"&IF(N(AH8)>0," (EH holds "&AH8&" hrs over the scheme)","")&"; next day "&TEXT(S8,"dd mmm yy")&IF(N(AE8)>0," ("&AE8&" day(s) for "&UPPER(TEXT(AsOfDate,"mmm yyyy"))&" already in EH)",""),IF(Y8>0,"ACCRUE "&ROUND(Y8,2)&" hrs ("&ROUND(Y8/HoursPerDay,2)&" days): "&IF(N(AE8)>0,AE8&" day(s) for "&UPPER(TEXT(AsOfDate,"mmm yyyy"))&" (milestone "&UPPER(TEXT(AF8,"dd mmm yy"))&")"&IF(Y8/HoursPerDay>AE8+0.001," + "&ROUND(Y8/HoursPerDay-AE8,2)&" day(s) catch-up from earlier months",""),"all catch-up from earlier months, nothing new this month")&IF(BG8=0,"; no Bonus Leave in EH yet",""),IF(Y8<0,"CHECK - EH accrued "&ROUND(-Y8,2)&" hrs more than policy since commencement",IF(N(W8)>O8*HoursPerDay+0.01,"CHECK - EH balance "&ROUND(W8-O8*HoursPerDay,2)&" hrs more than policy entitlement",IF(O8>0,"OK - nothing to add"&IF(N(AE8)>0," ("&AE8&" day(s) for "&UPPER(TEXT(AsOfDate,"mmm yyyy"))&" already in EH)",""),IF(AW8="None",R8,"Not yet - first day on "&TEXT(S8,"dd/mm/yyyy")))))))))) | AB8: =IF(OR(AK8=0,T8=""),"",MAX(0,BE8-BQ8)*HoursPerDay-T8) | AC8: =IF(AK8=0,"",BG8) | AD8: =IF(AK8=0,"",TRIM(IF(OR(ISTEXT($F8),ISTEXT($H8),ISTEXT($I8),ISTEXT($G8),ISTEXT($J8),ISTEXT($D8)),"A date is typed as text - retype it as dd/mm/yyyy. ","")&IF(IF($C8="","",IF(OR(ISNUMBER(SEARCH("full",$C8)),UPPER(TRIM($C8))="FT",UPPER(TRIM($C8))="FTE"),"Full-Time",IF(OR(ISNUMBER(SEARCH("part",$C8)),UPPER(TRIM($C8))="PT",UPPER(TRIM($C8))="PTE"),"Part-Time",IF(OR(ISNUMBER(SEARCH("cas",$C8)),UPPER(TRIM($C8))="CAS"),"Casual","Unknown"))))="Unknown","EmploymentType not recognised - use Full-Time, Part-Time or Casual. ","")&IF(AND(AM8>=1,IF(AM8>=3,AS8,IF(AM8=2,AR8,AQ8))<>IF($C8="","",IF(OR(ISNUMBER(SEARCH("full",$C8)),UPPER(TRIM($C8))="FT",UPPER(TRIM($C8))="FTE"),"Full-Time",IF(OR(ISNUMBER(SEARCH("part",$C8)),UPPER(TRIM($C8))="PT",UPPER(TRIM($C8))="PTE"),"Part-Time",IF(OR(ISNUMBER(SEARCH("cas",$C8)),UPPER(TRIM($C8))="CAS"),"Casual","Unknown"))))),"EmploymentType does not match latest start date ("&IF(AM8>=3,AS8,IF(AM8=2,AR8,AQ8))&"). ","")&IF(AND(AM8>=1,AN8<>$F8),"Earliest type date should equal StartDate. ","")&IF(AND(AM8>=2,AN8=AO8),"Two types start on the same date. ","")&IF(AND(OR(ISNUMBER(SEARCH("part",$C8)),UPPER(TRIM($C8))="PT",UPPER(TRIM($C8))="PTE"),$P8=""),"Part-time: enter PT Hrs/Week (blank = 24+). ",""))) | AE8: =IF(AK8=0,"",O8-MAX(0,BL8-BQ8)) | AF8: =IF(OR(AK8=0,AE8="",N(AE8)=0,BM8=""),"",EDATE(AL8,BM8)) | AG8: =IF(AK8=0,"",MIN(BD8,BQ8)) | AH8: =IF(AK8=0,"",IF(NOT(LH_Ready),"",IF(BG8=0,0,MAX(0,ROUND(N(T8)+N(U8)-N8,2))))) | AK8: =IF(OR(LEN($A8&$B8)=0,$F8=""),0,1) -> 0 | AL8: =IF(AK8=0,"",IF(PreSchemeCounts="No",MAX(SchemeStart,IF($J8<>"",$J8,IF(OR(CasualCounts="Yes",COUNT($G8:$I8)=0),$F8,IF(Apply2026="No",IF($I8="",$F8,$I8),IF(COUNT($H8:$I8)=0,$F8,MIN($H8:$I8)))))),IF($J8<>"",$J8,IF(OR(CasualCounts="Yes",COUNT($G8:$I8)=0),$F8,IF(Apply2026="No",IF($I8="",$F8,$I8),IF(COUNT($H8:$I8)=0,$F8,MIN($H8:$I8))))))) | AM8: =IF(AK8=0,"",COUNT($G8:$I8)) | AN8: =IF(AK8=0,"",IFERROR(SMALL($G8:$I8,1),"")) | AO8: =IF(AK8=0,"",IFERROR(SMALL($G8:$I8,2),"")) | AP8: =IF(AK8=0,"",IFERROR(SMALL($G8:$I8,3),"")) | AQ8: =IF(AK8=0,"",IF(AN8="","",IF(AN8=$H8,"Part-Time",IF(AN8=$I8,"Full-Time","Casual")))) | AR8: =IF(AK8=0,"",IF(AO8="","",IF(AO8=$H8,"Part-Time",IF(AO8=$I8,"Full-Time","Casual")))) | AS8: =IF(AK8=0,"",IF(AP8="","",IF(AP8=$H8,"Part-Time",IF(AP8=$I8,"Full-Time","Casual")))) | AT8: =IF(AK8=0,"",IF(AM8=0,IF(OR(ISNUMBER(SEARCH("full",$C8)),UPPER(TRIM($C8))="FT",UPPER(TRIM($C8))="FTE"),"FT",IF(AND(OR(ISNUMBER(SEARCH("part",$C8)),UPPER(TRIM($C8))="PT",UPPER(TRIM($C8))="PTE"),Apply2026="Yes",OR($P8="",N($P8)>=PT_MinHours)),"PT","None")),IF(OR(ISNUMBER(SEARCH("full",AQ8)),UPPER(TRIM(AQ8))="FT",UPPER(TRIM(AQ8))="FTE"),"FT",IF(AND(OR(ISNUMBER(SEARCH("part",AQ8)),UPPER(TRIM(AQ8))="PT",UPPER(TRIM(AQ8))="PTE"),Apply2026="Yes",OR($P8="",N($P8)>=PT_MinHours)),"PT","None")))) | AU8: =IF(AK8=0,"",IF(AM8<2,"",IF(OR(ISNUMBER(SEARCH("full",AR8)),UPPER(TRIM(AR8))="FT",UPPER(TRIM(AR8))="FTE"),"FT",IF(AND(OR(ISNUMBER(SEARCH("part",AR8)),UPPER(TRIM(AR8))="PT",UPPER(TRIM(AR8))="PTE"),Apply2026="Yes",OR($P8="",N($P8)>=PT_MinHours)),"PT","None")))) | AV8: =IF(AK8=0,"",IF(AM8<3,"",IF(OR(ISNUMBER(SEARCH("full",AS8)),UPPER(TRIM(AS8))="FT",UPPER(TRIM(AS8))="FTE"),"FT",IF(AND(OR(ISNUMBER(SEARCH("part",AS8)),UPPER(TRIM(AS8))="PT",UPPER(TRIM(AS8))="PTE"),Apply2026="Yes",OR($P8="",N($P8)>=PT_MinHours)),"PT","None")))) | AW8: =IF(AK8=0,"",IF(AND(AM8>=3,AP8<=AsOfDate),AV8,IF(AND(AM8>=2,AO8<=AsOfDate),AU8,AT8))) | AX8: =IF(AK8=0,"",IF(AsOfDate<AL8,-1,12*(YEAR(AsOfDate)-YEAR(AL8))+MONTH(AsOfDate)-MONTH(AL8)-IF(DAY(AsOfDate)<MIN(DAY(AL8),DAY(EOMONTH(AsOfDate,0))),1,0))) | AY8: =IF(AK8=0,"",IF(OR(AM8<2,AO8>AsOfDate),AX8,IF((AO8-1)<AL8,-1,12*(YEAR((AO8-1))-YEAR(AL8))+MONTH((AO8-1))-MONTH(AL8)-IF(DAY((AO8-1))<MIN(DAY(AL8),DAY(EOMONTH((AO8-1),0))),1,0)))) | AZ8: =IF(AK8=0,"",IF(OR(AM8<3,AP8>AsOfDate),AX8,IF((AP8-1)<AL8,-1,12*(YEAR((AP8-1))-YEAR(AL8))+MONTH((AP8-1))-MONTH(AL8)-IF(DAY((AP8-1))<MIN(DAY(AL8),DAY(EOMONTH((AP8-1),0))),1,0)))) | BA8: =IF(AK8=0,"",IF(PFYDate<AL8,-1,12*(YEAR(PFYDate)-YEAR(AL8))+MONTH(PFYDate)-MONTH(AL8)-IF(DAY(PFYDate)<MIN(DAY(AL8),DAY(EOMONTH(PFYDate,0))),1,0))) | BB8: =IF(AK8=0,"",IF(OR(AM8<2,AO8>PFYDate),BA8,IF((AO8-1)<AL8,-1,12*(YEAR((AO8-1))-YEAR(AL8))+MONTH((AO8-1))-MONTH(AL8)-IF(DAY((AO8-1))<MIN(DAY(AL8),DAY(EOMONTH((AO8-1),0))),1,0)))) | BC8: =IF(AK8=0,"",IF(OR(AM8<3,AP8>PFYDate),BA8,IF((AP8-1)<AL8,-1,12*(YEAR((AP8-1))-YEAR(AL8))+MONTH((AP8-1))-MONTH(AL8)-IF(DAY((AP8-1))<MIN(DAY(AL8),DAY(EOMONTH((AP8-1),0))),1,0)))) | BD8: =IF(AK8=0,"",IF(AT8="FT",IF(AY8<FT_First,0,IF(AY8<FT_Y5,1+INT((AY8-FT_First)/FT_Int1),FT_PreY5+FT_PerYear*INT((AY8-FT_Y5)/12)+FT_AnnivDays+INT(MOD(AY8-FT_Y5,12)/FT_Int2)-IF(EDATE(AL8,FT_Y5)<PolicyEff,FT_AnnivDays-1,0))),IF(AT8="PT",IF(AY8<PT_First,0,1+INT((AY8-PT_First)/PT_Int)),0))+IF(AND(AM8>=2,AO8<=AsOfDate),IF(AU8="FT",IF(AZ8<FT_First,0,IF(AZ8<FT_Y5,1+INT((AZ8-FT_First)/FT_Int1),FT_PreY5+FT_PerYear*INT((AZ8-FT_Y5)/12)+FT_AnnivDays+INT(MOD(AZ8-FT_Y5,12)/FT_Int2)-IF(EDATE(AL8,FT_Y5)<PolicyEff,FT_AnnivDays-1,0))),IF(AU8="PT",IF(AZ8<PT_First,0,1+INT((AZ8-PT_First)/PT_Int)),0))-IF(AU8="FT",IF(AY8<FT_First,0,IF(AY8<FT_Y5,1+INT((AY8-FT_First)/FT_Int1),FT_PreY5+FT_PerYear*INT((AY8-FT_Y5)/12)+FT_AnnivDays+INT(MOD(AY8-FT_Y5,12)/FT_Int2)-IF(EDATE(AL8,FT_Y5)<PolicyEff,FT_AnnivDays-1,0))),IF(AU8="PT",IF(AY8<PT_First,0,1+INT((AY8-PT_First)/PT_Int)),0)),0)+IF(AND(AM8>=3,AP8<=AsOfDate),IF(AV8="FT",IF(AX8<FT_First,0,IF(AX8<FT_Y5,1+INT((AX8-FT_First)/FT_Int1),FT_PreY5+FT_PerYear*INT((AX8-FT_Y5)/12)+FT_AnnivDays+INT(MOD(AX8-FT_Y5,12)/FT_Int2)-IF(EDATE(AL8,FT_Y5)<PolicyEff,FT_AnnivDays-1,0))),IF(AV8="PT",IF(AX8<PT_First,0,1+INT((AX8-PT_First)/PT_Int)),0))-IF(AV8="FT",IF(AZ8<FT_First,0,IF(AZ8<FT_Y5,1+INT((AZ8-FT_First)/FT_Int1),FT_PreY5+FT_PerYear*INT((AZ8-FT_Y5)/12)+FT_AnnivDays+INT(MOD(AZ8-FT_Y5,12)/FT_Int2)-IF(EDATE(AL8,FT_Y5)<PolicyEff,FT_AnnivDays-1,0))),IF(AV8="PT",IF(AZ8<PT_First,0,1+INT((AZ8-PT_First)/PT_Int)),0)),0)) | BE8: =IF(AK8=0,"",IF(AT8="FT",IF(BB8<FT_First,0,IF(BB8<FT_Y5,1+INT((BB8-FT_First)/FT_Int1),FT_PreY5+FT_PerYear*INT((BB8-FT_Y5)/12)+FT_AnnivDays+INT(MOD(BB8-FT_Y5,12)/FT_Int2)-IF(EDATE(AL8,FT_Y5)<PolicyEff,FT_AnnivDays-1,0))),IF(AT8="PT",IF(BB8<PT_First,0,1+INT((BB8-PT_First)/PT_Int)),0))+IF(AND(AM8>=2,AO8<=PFYDate),IF(AU8="FT",IF(BC8<FT_First,0,IF(BC8<FT_Y5,1+INT((BC8-FT_First)/FT_Int1),FT_PreY5+FT_PerYear*INT((BC8-FT_Y5)/12)+FT_AnnivDays+INT(MOD(BC8-FT_Y5,12)/FT_Int2)-IF(EDATE(AL8,FT_Y5)<PolicyEff,FT_AnnivDays-1,0))),IF(AU8="PT",IF(BC8<PT_First,0,1+INT((BC8-PT_First)/PT_Int)),0))-IF(AU8="FT",IF(BB8<FT_First,0,IF(BB8<FT_Y5,1+INT((BB8-FT_First)/FT_Int1),FT_PreY5+FT_PerYear*INT((BB8-FT_Y5)/12)+FT_AnnivDays+INT(MOD(BB8-FT_Y5,12)/FT_Int2)-IF(EDATE(AL8,FT_Y5)<PolicyEff,FT_AnnivDays-1,0))),IF(AU8="PT",IF(BB8<PT_First,0,1+INT((BB8-PT_First)/PT_Int)),0)),0)+IF(AND(AM8>=3,AP8<=PFYDate),IF(AV8="FT",IF(BA8<FT_First,0,IF(BA8<FT_Y5,1+INT((BA8-FT_First)/FT_Int1),FT_PreY5+FT_PerYear*INT((BA8-FT_Y5)/12)+FT_AnnivDays+INT(MOD(BA8-FT_Y5,12)/FT_Int2)-IF(EDATE(AL8,FT_Y5)<PolicyEff,FT_AnnivDays-1,0))),IF(AV8="PT",IF(BA8<PT_First,0,1+INT((BA8-PT_First)/PT_Int)),0))-IF(AV8="FT",IF(BC8<FT_First,0,IF(BC8<FT_Y5,1+INT((BC8-FT_First)/FT_Int1),FT_PreY5+FT_PerYear*INT((BC8-FT_Y5)/12)+FT_AnnivDays+INT(MOD(BC8-FT_Y5,12)/FT_Int2)-IF(EDATE(AL8,FT_Y5)<PolicyEff,FT_AnnivDays-1,0))),IF(AV8="PT",IF(BC8<PT_First,0,1+INT((BC8-PT_First)/PT_Int)),0)),0)) | BF8: =IF(AK8=0,"",IF(AW8="FT",IF(AX8<FT_First,FT_First,IF(AX8<FT_Y5,MIN(FT_Y5,FT_First+FT_Int1*(INT((AX8-FT_First)/FT_Int1)+1)),FT_Y5+12*INT((AX8-FT_Y5)/12)+FT_Int2*(INT(MOD(AX8-FT_Y5,12)/FT_Int2)+1))),IF(AW8="PT",IF(AX8<PT_First,PT_First,PT_First+PT_Int*(INT((AX8-PT_First)/PT_Int)+1)),""))) | BG8: =IF(AK8=0,"",IF(NOT(LH_Ready),0,COUNTIFS(INDEX(LH_Data,0,LH_ColFirst),$A8,INDEX(LH_Data,0,LH_ColSur),$B8,INDEX(LH_Data,0,LH_ColCat),BonusCat))) | BH8: =IF(AK8=0,"",IF(OR(NOT(LH_Ready),BG8=0),0,SUMPRODUCT(MAX((INDEX(LH_Data,0,LH_ColFirst)=$A8)*(INDEX(LH_Data,0,LH_ColSur)=$B8)*(INDEX(LH_Data,0,LH_ColCat)=BonusCat)*ROW(LH_Data))))) | BI8: =IF(AK8=0,"",IF(EOMONTH(AsOfDate,-1)<AL8,-1,12*(YEAR(EOMONTH(AsOfDate,-1))-YEAR(AL8))+MONTH(EOMONTH(AsOfDate,-1))-MONTH(AL8)-IF(DAY(EOMONTH(AsOfDate,-1))<MIN(DAY(AL8),DAY(EOMONTH(EOMONTH(AsOfDate,-1),0))),1,0))) | BJ8: =IF(AK8=0,"",IF(OR(AM8<2,AO8>EOMONTH(AsOfDate,-1)),BI8,IF((AO8-1)<AL8,-1,12*(YEAR((AO8-1))-YEAR(AL8))+MONTH((AO8-1))-MONTH(AL8)-IF(DAY((AO8-1))<MIN(DAY(AL8),DAY(EOMONTH((AO8-1),0))),1,0)))) | BK8: =IF(AK8=0,"",IF(OR(AM8<3,AP8>EOMONTH(AsOfDate,-1)),BI8,IF((AP8-1)<AL8,-1,12*(YEAR((AP8-1))-YEAR(AL8))+MONTH((AP8-1))-MONTH(AL8)-IF(DAY((AP8-1))<MIN(DAY(AL8),DAY(EOMONTH((AP8-1),0))),1,0)))) | BL8: =IF(AK8=0,"",IF(AT8="FT",IF(BJ8<FT_First,0,IF(BJ8<FT_Y5,1+INT((BJ8-FT_First)/FT_Int1),FT_PreY5+FT_PerYear*INT((BJ8-FT_Y5)/12)+FT_AnnivDays+INT(MOD(BJ8-FT_Y5,12)/FT_Int2)-IF(EDATE(AL8,FT_Y5)<PolicyEff,FT_AnnivDays-1,0))),IF(AT8="PT",IF(BJ8<PT_First,0,1+INT((BJ8-PT_First)/PT_Int)),0))+IF(AND(AM8>=2,AO8<=EOMONTH(AsOfDate,-1)),IF(AU8="FT",IF(BK8<FT_First,0,IF(BK8<FT_Y5,1+INT((BK8-FT_First)/FT_Int1),FT_PreY5+FT_PerYear*INT((BK8-FT_Y5)/12)+FT_AnnivDays+INT(MOD(BK8-FT_Y5,12)/FT_Int2)-IF(EDATE(AL8,FT_Y5)<PolicyEff,FT_AnnivDays-1,0))),IF(AU8="PT",IF(BK8<PT_First,0,1+INT((BK8-PT_First)/PT_Int)),0))-IF(AU8="FT",IF(BJ8<FT_First,0,IF(BJ8<FT_Y5,1+INT((BJ8-FT_First)/FT_Int1),FT_PreY5+FT_PerYear*INT((BJ8-FT_Y5)/12)+FT_AnnivDays+INT(MOD(BJ8-FT_Y5,12)/FT_Int2)-IF(EDATE(AL8,FT_Y5)<PolicyEff,FT_AnnivDays-1,0))),IF(AU8="PT",IF(BJ8<PT_First,0,1+INT((BJ8-PT_First)/PT_Int)),0)),0)+IF(AND(AM8>=3,AP8<=EOMONTH(AsOfDate,-1)),IF(AV8="FT",IF(BI8<FT_First,0,IF(BI8<FT_Y5,1+INT((BI8-FT_First)/FT_Int1),FT_PreY5+FT_PerYear*INT((BI8-FT_Y5)/12)+FT_AnnivDays+INT(MOD(BI8-FT_Y5,12)/FT_Int2)-IF(EDATE(AL8,FT_Y5)<PolicyEff,FT_AnnivDays-1,0))),IF(AV8="PT",IF(BI8<PT_First,0,1+INT((BI8-PT_First)/PT_Int)),0))-IF(AV8="FT",IF(BK8<FT_First,0,IF(BK8<FT_Y5,1+INT((BK8-FT_First)/FT_Int1),FT_PreY5+FT_PerYear*INT((BK8-FT_Y5)/12)+FT_AnnivDays+INT(MOD(BK8-FT_Y5,12)/FT_Int2)-IF(EDATE(AL8,FT_Y5)<PolicyEff,FT_AnnivDays-1,0))),IF(AV8="PT",IF(BK8<PT_First,0,1+INT((BK8-PT_First)/PT_Int)),0)),0)) | BM8: =IF(AK8=0,"",IF(AW8="FT",IF(AX8<FT_First,"",IF(AX8<FT_Y5,FT_First+FT_Int1*INT((AX8-FT_First)/FT_Int1),FT_Y5+FT_Int2*INT((AX8-FT_Y5)/FT_Int2))),IF(AW8="PT",IF(AX8<PT_First,"",PT_First+PT_Int*INT((AX8-PT_First)/PT_Int)),""))) | BN8: =IF(AK8=0,"",IF((SchemeStart-1)<AL8,-1,12*(YEAR((SchemeStart-1))-YEAR(AL8))+MONTH((SchemeStart-1))-MONTH(AL8)-IF(DAY((SchemeStart-1))<MIN(DAY(AL8),DAY(EOMONTH((SchemeStart-1),0))),1,0))) | BO8: =IF(AK8=0,"",IF(OR(AM8<2,AO8>(SchemeStart-1)),BN8,IF((AO8-1)<AL8,-1,12*(YEAR((AO8-1))-YEAR(AL8))+MONTH((AO8-1))-MONTH(AL8)-IF(DAY((AO8-1))<MIN(DAY(AL8),DAY(EOMONTH((AO8-1),0))),1,0)))) | BP8: =IF(AK8=0,"",IF(OR(AM8<3,AP8>(SchemeStart-1)),BN8,IF((AP8-1)<AL8,-1,12*(YEAR((AP8-1))-YEAR(AL8))+MONTH((AP8-1))-MONTH(AL8)-IF(DAY((AP8-1))<MIN(DAY(AL8),DAY(EOMONTH((AP8-1),0))),1,0)))) | BQ8: =IF(AK8=0,"",IF(AT8="FT",IF(BO8<FT_First,0,IF(BO8<FT_Y5,1+INT((BO8-FT_First)/FT_Int1),FT_PreY5+FT_PerYear*INT((BO8-FT_Y5)/12)+FT_AnnivDays+INT(MOD(BO8-FT_Y5,12)/FT_Int2)-IF(EDATE(AL8,FT_Y5)<PolicyEff,FT_AnnivDays-1,0))),IF(AT8="PT",IF(BO8<PT_First,0,1+INT((BO8-PT_First)/PT_Int)),0))+IF(AND(AM8>=2,AO8<=(SchemeStart-1)),IF(AU8="FT",IF(BP8<FT_First,0,IF(BP8<FT_Y5,1+INT((BP8-FT_First)/FT_Int1),FT_PreY5+FT_PerYear*INT((BP8-FT_Y5)/12)+FT_AnnivDays+INT(MOD(BP8-FT_Y5,12)/FT_Int2)-IF(EDATE(AL8,FT_Y5)<PolicyEff,FT_AnnivDays-1,0))),IF(AU8="PT",IF(BP8<PT_First,0,1+INT((BP8-PT_First)/PT_Int)),0))-IF(AU8="FT",IF(BO8<FT_First,0,IF(BO8<FT_Y5,1+INT((BO8-FT_First)/FT_Int1),FT_PreY5+FT_PerYear*INT((BO8-FT_Y5)/12)+FT_AnnivDays+INT(MOD(BO8-FT_Y5,12)/FT_Int2)-IF(EDATE(AL8,FT_Y5)<PolicyEff,FT_AnnivDays-1,0))),IF(AU8="PT",IF(BO8<PT_First,0,1+INT((BO8-PT_First)/PT_Int)),0)),0)+IF(AND(AM8>=3,AP8<=(SchemeStart-1)),IF(AV8="FT",IF(BN8<FT_First,0,IF(BN8<FT_Y5,1+INT((BN8-FT_First)/FT_Int1),FT_PreY5+FT_PerYear*INT((BN8-FT_Y5)/12)+FT_AnnivDays+INT(MOD(BN8-FT_Y5,12)/FT_Int2)-IF(EDATE(AL8,FT_Y5)<PolicyEff,FT_AnnivDays-1,0))),IF(AV8="PT",IF(BN8<PT_First,0,1+INT((BN8-PT_First)/PT_Int)),0))-IF(AV8="FT",IF(BP8<FT_First,0,IF(BP8<FT_Y5,1+INT((BP8-FT_First)/FT_Int1),FT_PreY5+FT_PerYear*INT((BP8-FT_Y5)/12)+FT_AnnivDays+INT(MOD(BP8-FT_Y5,12)/FT_Int2)-IF(EDATE(AL8,FT_Y5)<PolicyEff,FT_AnnivDays-1,0))),IF(AV8="PT",IF(BP8<PT_First,0,1+INT((BP8-PT_First)/PT_Int)),0)),0)) | BR8: =IF(LEN($A8&$B8)=0,"",$A8&" "&$B8)
E9: =IF(OR(AK9=0,$D9=""),"",DATE(YEAR(AsOfDate)+IF(DATE(YEAR(AsOfDate),MONTH($D9),DAY($D9))<=AsOfDate,1,0),MONTH($D9),DAY($D9))) | K9: =IF(AK9=0,"",DATE(YEAR(AsOfDate)+IF(DATE(YEAR(AsOfDate),MONTH(AL9),DAY(AL9))<=AsOfDate,1,0),MONTH(AL9),DAY(AL9))) | L9: =IF(AK9=0,"",ROUND((AsOfDate-AL9)/365.25,1)) | M9: =IF(AK9=0,"",IF(AsOfDate<AL9,"-",DATEDIF(AL9,AsOfDate,"y")&"y "&DATEDIF(AL9,AsOfDate,"ym")&"m "&DATEDIF(AL9,AsOfDate,"md")&"d")) | N9: =IF(AK9=0,"",O9*HoursPerDay) | O9: =IF(AK9=0,"",MAX(0,BD9-BQ9)) | Q9: =IF(AK9=0,"",IF(AM9<2,"",AQ9&" to "&AR9&" on "&TEXT(AO9,"dd/mm/yyyy")&IF(AO9>AsOfDate," (future)",IF(AT9=AU9,"",IF(AU9="None"," - STOPPED accruing",IF(AT9="None"," - commencement for Bonus Leave"," - pathway changed"))))&IF(AM9<3,"","; "&AR9&" to "&AS9&" on "&TEXT(AP9,"dd/mm/yyyy")&IF(AP9>AsOfDate," (future)",IF(AU9=AV9,"",IF(AV9="None"," - STOPPED accruing",IF(AU9="None"," - commencement for Bonus Leave"," - pathway changed"))))))) | R9: =IF(AK9=0,"",IF(AW9="None",IF(O9>0,"No longer accruing","Not eligible - "&IF(AND(OR(ISNUMBER(SEARCH("part",$C9)),UPPER(TRIM($C9))="PT",UPPER(TRIM($C9))="PTE"),Apply2026="No"),"part-time (scheme is full-time only)",IF(AND(OR(ISNUMBER(SEARCH("part",$C9)),UPPER(TRIM($C9))="PT",UPPER(TRIM($C9))="PTE"),$P9<>"",N($P9)<PT_MinHours),"under "&PT_MinHours&" hrs",IF(IF($C9="","",IF(OR(ISNUMBER(SEARCH("full",$C9)),UPPER(TRIM($C9))="FT",UPPER(TRIM($C9))="FTE"),"Full-Time",IF(OR(ISNUMBER(SEARCH("part",$C9)),UPPER(TRIM($C9))="PT",UPPER(TRIM($C9))="PTE"),"Part-Time",IF(OR(ISNUMBER(SEARCH("cas",$C9)),UPPER(TRIM($C9))="CAS"),"Casual","Unknown"))))="Unknown","type not recognised",$C9)))),IF(O9>0,"Yes - Accrual Required","Not yet - from "&TEXT(S9,"dd/mm/yyyy")))) | S9: =IF(AK9=0,"",IF(AW9="None","",EDATE(AL9,BF9))) | T9: =IF(AK9=0,"",IF(NOT(LH_Ready),"",IF($F9>PFYDate,0,IF(LH_ColPeriod=0,W9-U9+V9,SUMIFS(INDEX(LH_Data,0,LH_ColAcc),INDEX(LH_Data,0,LH_ColFirst),$A9,INDEX(LH_Data,0,LH_ColSur),$B9,INDEX(LH_Data,0,LH_ColCat),BonusCat,INDEX(LH_Data,0,LH_ColPeriod),LH_OpenLabel)*UnitFactor)))) | U9: =IF(AK9=0,"",IF(NOT(LH_Ready),"",SUMIFS(INDEX(LH_Data,0,LH_ColAcc),INDEX(LH_Data,0,LH_ColFirst),$A9,INDEX(LH_Data,0,LH_ColSur),$B9,INDEX(LH_Data,0,LH_ColCat),BonusCat,INDEX(LH_Data,0,LH_ColStart),">="&AL9)*UnitFactor)) | V9: =IF(AK9=0,"",IF(NOT(LH_Ready),"",SUMIFS(INDEX(LH_Data,0,LH_ColTaken),INDEX(LH_Data,0,LH_ColFirst),$A9,INDEX(LH_Data,0,LH_ColSur),$B9,INDEX(LH_Data,0,LH_ColCat),BonusCat,INDEX(LH_Data,0,LH_ColStart),">="&AL9)*UnitFactor)) | W9: =IF(AK9=0,"",IF(NOT(LH_Ready),"",IF(BH9=0,0,INDEX(INDEX(LH_Data,0,LH_ColClose),BH9-1)*UnitFactor))) | X9: =IF(AK9=0,"",(MAX(0,BD9-BQ9)-MAX(0,BE9-BQ9))*HoursPerDay) | Y9: =IF(AK9=0,"",IF(NOT(LH_Ready),"",IF($AI9="Yes",N(AE9)*HoursPerDay-SUMIFS(INDEX(LH_Data,0,LH_ColAcc),INDEX(LH_Data,0,LH_ColFirst),$A9,INDEX(LH_Data,0,LH_ColSur),$B9,INDEX(LH_Data,0,LH_ColCat),BonusCat,INDEX(LH_Data,0,LH_ColStart),">="&(EOMONTH(AsOfDate,-1)+1),INDEX(LH_Data,0,LH_ColStart),"<="&AsOfDate)*UnitFactor,IF(BG9=0,N9,N9-N(T9)-N(U9))))) | Z9: =IF(OR(AK9=0,Y9=""),"",IF(Y9>0,"Yes","No")) | AA9: =IF(AK9=0,IF(LEN($A9&$B9)=0,"","FIX INPUT - StartDate missing"),IF(AD9<>"","FIX INPUT - "&AD9,IF(NOT(LH_Ready),"Paste Leave History export (Settings must show YES)",IF(AND($AI9="Yes",Y9<=0),"OK - EH balance accepted to date"&IF(N(AH9)>0," (EH holds "&AH9&" hrs over the scheme)","")&"; next day "&TEXT(S9,"dd mmm yy")&IF(N(AE9)>0," ("&AE9&" day(s) for "&UPPER(TEXT(AsOfDate,"mmm yyyy"))&" already in EH)",""),IF(Y9>0,"ACCRUE "&ROUND(Y9,2)&" hrs ("&ROUND(Y9/HoursPerDay,2)&" days): "&IF(N(AE9)>0,AE9&" day(s) for "&UPPER(TEXT(AsOfDate,"mmm yyyy"))&" (milestone "&UPPER(TEXT(AF9,"dd mmm yy"))&")"&IF(Y9/HoursPerDay>AE9+0.001," + "&ROUND(Y9/HoursPerDay-AE9,2)&" day(s) catch-up from earlier months",""),"all catch-up from earlier months, nothing new this month")&IF(BG9=0,"; no Bonus Leave in EH yet",""),IF(Y9<0,"CHECK - EH accrued "&ROUND(-Y9,2)&" hrs more than policy since commencement",IF(N(W9)>O9*HoursPerDay+0.01,"CHECK - EH balance "&ROUND(W9-O9*HoursPerDay,2)&" hrs more than policy entitlement",IF(O9>0,"OK - nothing to add"&IF(N(AE9)>0," ("&AE9&" day(s) for "&UPPER(TEXT(AsOfDate,"mmm yyyy"))&" already in EH)",""),IF(AW9="None",R9,"Not yet - first day on "&TEXT(S9,"dd/mm/yyyy")))))))))) | AB9: =IF(OR(AK9=0,T9=""),"",MAX(0,BE9-BQ9)*HoursPerDay-T9) | AC9: =IF(AK9=0,"",BG9) | AD9: =IF(AK9=0,"",TRIM(IF(OR(ISTEXT($F9),ISTEXT($H9),ISTEXT($I9),ISTEXT($G9),ISTEXT($J9),ISTEXT($D9)),"A date is typed as text - retype it as dd/mm/yyyy. ","")&IF(IF($C9="","",IF(OR(ISNUMBER(SEARCH("full",$C9)),UPPER(TRIM($C9))="FT",UPPER(TRIM($C9))="FTE"),"Full-Time",IF(OR(ISNUMBER(SEARCH("part",$C9)),UPPER(TRIM($C9))="PT",UPPER(TRIM($C9))="PTE"),"Part-Time",IF(OR(ISNUMBER(SEARCH("cas",$C9)),UPPER(TRIM($C9))="CAS"),"Casual","Unknown"))))="Unknown","EmploymentType not recognised - use Full-Time, Part-Time or Casual. ","")&IF(AND(AM9>=1,IF(AM9>=3,AS9,IF(AM9=2,AR9,AQ9))<>IF($C9="","",IF(OR(ISNUMBER(SEARCH("full",$C9)),UPPER(TRIM($C9))="FT",UPPER(TRIM($C9))="FTE"),"Full-Time",IF(OR(ISNUMBER(SEARCH("part",$C9)),UPPER(TRIM($C9))="PT",UPPER(TRIM($C9))="PTE"),"Part-Time",IF(OR(ISNUMBER(SEARCH("cas",$C9)),UPPER(TRIM($C9))="CAS"),"Casual","Unknown"))))),"EmploymentType does not match latest start date ("&IF(AM9>=3,AS9,IF(AM9=2,AR9,AQ9))&"). ","")&IF(AND(AM9>=1,AN9<>$F9),"Earliest type date should equal StartDate. ","")&IF(AND(AM9>=2,AN9=AO9),"Two types start on the same date. ","")&IF(AND(OR(ISNUMBER(SEARCH("part",$C9)),UPPER(TRIM($C9))="PT",UPPER(TRIM($C9))="PTE"),$P9=""),"Part-time: enter PT Hrs/Week (blank = 24+). ",""))) | AE9: =IF(AK9=0,"",O9-MAX(0,BL9-BQ9)) | AF9: =IF(OR(AK9=0,AE9="",N(AE9)=0,BM9=""),"",EDATE(AL9,BM9)) | AG9: =IF(AK9=0,"",MIN(BD9,BQ9)) | AH9: =IF(AK9=0,"",IF(NOT(LH_Ready),"",IF(BG9=0,0,MAX(0,ROUND(N(T9)+N(U9)-N9,2))))) | AK9: =IF(OR(LEN($A9&$B9)=0,$F9=""),0,1) -> 0 | AL9: =IF(AK9=0,"",IF(PreSchemeCounts="No",MAX(SchemeStart,IF($J9<>"",$J9,IF(OR(CasualCounts="Yes",COUNT($G9:$I9)=0),$F9,IF(Apply2026="No",IF($I9="",$F9,$I9),IF(COUNT($H9:$I9)=0,$F9,MIN($H9:$I9)))))),IF($J9<>"",$J9,IF(OR(CasualCounts="Yes",COUNT($G9:$I9)=0),$F9,IF(Apply2026="No",IF($I9="",$F9,$I9),IF(COUNT($H9:$I9)=0,$F9,MIN($H9:$I9))))))) | AM9: =IF(AK9=0,"",COUNT($G9:$I9)) | AN9: =IF(AK9=0,"",IFERROR(SMALL($G9:$I9,1),"")) | AO9: =IF(AK9=0,"",IFERROR(SMALL($G9:$I9,2),"")) | AP9: =IF(AK9=0,"",IFERROR(SMALL($G9:$I9,3),"")) | AQ9: =IF(AK9=0,"",IF(AN9="","",IF(AN9=$H9,"Part-Time",IF(AN9=$I9,"Full-Time","Casual")))) | AR9: =IF(AK9=0,"",IF(AO9="","",IF(AO9=$H9,"Part-Time",IF(AO9=$I9,"Full-Time","Casual")))) | AS9: =IF(AK9=0,"",IF(AP9="","",IF(AP9=$H9,"Part-Time",IF(AP9=$I9,"Full-Time","Casual")))) | AT9: =IF(AK9=0,"",IF(AM9=0,IF(OR(ISNUMBER(SEARCH("full",$C9)),UPPER(TRIM($C9))="FT",UPPER(TRIM($C9))="FTE"),"FT",IF(AND(OR(ISNUMBER(SEARCH("part",$C9)),UPPER(TRIM($C9))="PT",UPPER(TRIM($C9))="PTE"),Apply2026="Yes",OR($P9="",N($P9)>=PT_MinHours)),"PT","None")),IF(OR(ISNUMBER(SEARCH("full",AQ9)),UPPER(TRIM(AQ9))="FT",UPPER(TRIM(AQ9))="FTE"),"FT",IF(AND(OR(ISNUMBER(SEARCH("part",AQ9)),UPPER(TRIM(AQ9))="PT",UPPER(TRIM(AQ9))="PTE"),Apply2026="Yes",OR($P9="",N($P9)>=PT_MinHours)),"PT","None")))) | AU9: =IF(AK9=0,"",IF(AM9<2,"",IF(OR(ISNUMBER(SEARCH("full",AR9)),UPPER(TRIM(AR9))="FT",UPPER(TRIM(AR9))="FTE"),"FT",IF(AND(OR(ISNUMBER(SEARCH("part",AR9)),UPPER(TRIM(AR9))="PT",UPPER(TRIM(AR9))="PTE"),Apply2026="Yes",OR($P9="",N($P9)>=PT_MinHours)),"PT","None")))) | AV9: =IF(AK9=0,"",IF(AM9<3,"",IF(OR(ISNUMBER(SEARCH("full",AS9)),UPPER(TRIM(AS9))="FT",UPPER(TRIM(AS9))="FTE"),"FT",IF(AND(OR(ISNUMBER(SEARCH("part",AS9)),UPPER(TRIM(AS9))="PT",UPPER(TRIM(AS9))="PTE"),Apply2026="Yes",OR($P9="",N($P9)>=PT_MinHours)),"PT","None")))) | AW9: =IF(AK9=0,"",IF(AND(AM9>=3,AP9<=AsOfDate),AV9,IF(AND(AM9>=2,AO9<=AsOfDate),AU9,AT9))) | AX9: =IF(AK9=0,"",IF(AsOfDate<AL9,-1,12*(YEAR(AsOfDate)-YEAR(AL9))+MONTH(AsOfDate)-MONTH(AL9)-IF(DAY(AsOfDate)<MIN(DAY(AL9),DAY(EOMONTH(AsOfDate,0))),1,0))) | AY9: =IF(AK9=0,"",IF(OR(AM9<2,AO9>AsOfDate),AX9,IF((AO9-1)<AL9,-1,12*(YEAR((AO9-1))-YEAR(AL9))+MONTH((AO9-1))-MONTH(AL9)-IF(DAY((AO9-1))<MIN(DAY(AL9),DAY(EOMONTH((AO9-1),0))),1,0)))) | AZ9: =IF(AK9=0,"",IF(OR(AM9<3,AP9>AsOfDate),AX9,IF((AP9-1)<AL9,-1,12*(YEAR((AP9-1))-YEAR(AL9))+MONTH((AP9-1))-MONTH(AL9)-IF(DAY((AP9-1))<MIN(DAY(AL9),DAY(EOMONTH((AP9-1),0))),1,0)))) | BA9: =IF(AK9=0,"",IF(PFYDate<AL9,-1,12*(YEAR(PFYDate)-YEAR(AL9))+MONTH(PFYDate)-MONTH(AL9)-IF(DAY(PFYDate)<MIN(DAY(AL9),DAY(EOMONTH(PFYDate,0))),1,0))) | BB9: =IF(AK9=0,"",IF(OR(AM9<2,AO9>PFYDate),BA9,IF((AO9-1)<AL9,-1,12*(YEAR((AO9-1))-YEAR(AL9))+MONTH((AO9-1))-MONTH(AL9)-IF(DAY((AO9-1))<MIN(DAY(AL9),DAY(EOMONTH((AO9-1),0))),1,0)))) | BC9: =IF(AK9=0,"",IF(OR(AM9<3,AP9>PFYDate),BA9,IF((AP9-1)<AL9,-1,12*(YEAR((AP9-1))-YEAR(AL9))+MONTH((AP9-1))-MONTH(AL9)-IF(DAY((AP9-1))<MIN(DAY(AL9),DAY(EOMONTH((AP9-1),0))),1,0)))) | BD9: =IF(AK9=0,"",IF(AT9="FT",IF(AY9<FT_First,0,IF(AY9<FT_Y5,1+INT((AY9-FT_First)/FT_Int1),FT_PreY5+FT_PerYear*INT((AY9-FT_Y5)/12)+FT_AnnivDays+INT(MOD(AY9-FT_Y5,12)/FT_Int2)-IF(EDATE(AL9,FT_Y5)<PolicyEff,FT_AnnivDays-1,0))),IF(AT9="PT",IF(AY9<PT_First,0,1+INT((AY9-PT_First)/PT_Int)),0))+IF(AND(AM9>=2,AO9<=AsOfDate),IF(AU9="FT",IF(AZ9<FT_First,0,IF(AZ9<FT_Y5,1+INT((AZ9-FT_First)/FT_Int1),FT_PreY5+FT_PerYear*INT((AZ9-FT_Y5)/12)+FT_AnnivDays+INT(MOD(AZ9-FT_Y5,12)/FT_Int2)-IF(EDATE(AL9,FT_Y5)<PolicyEff,FT_AnnivDays-1,0))),IF(AU9="PT",IF(AZ9<PT_First,0,1+INT((AZ9-PT_First)/PT_Int)),0))-IF(AU9="FT",IF(AY9<FT_First,0,IF(AY9<FT_Y5,1+INT((AY9-FT_First)/FT_Int1),FT_PreY5+FT_PerYear*INT((AY9-FT_Y5)/12)+FT_AnnivDays+INT(MOD(AY9-FT_Y5,12)/FT_Int2)-IF(EDATE(AL9,FT_Y5)<PolicyEff,FT_AnnivDays-1,0))),IF(AU9="PT",IF(AY9<PT_First,0,1+INT((AY9-PT_First)/PT_Int)),0)),0)+IF(AND(AM9>=3,AP9<=AsOfDate),IF(AV9="FT",IF(AX9<FT_First,0,IF(AX9<FT_Y5,1+INT((AX9-FT_First)/FT_Int1),FT_PreY5+FT_PerYear*INT((AX9-FT_Y5)/12)+FT_AnnivDays+INT(MOD(AX9-FT_Y5,12)/FT_Int2)-IF(EDATE(AL9,FT_Y5)<PolicyEff,FT_AnnivDays-1,0))),IF(AV9="PT",IF(AX9<PT_First,0,1+INT((AX9-PT_First)/PT_Int)),0))-IF(AV9="FT",IF(AZ9<FT_First,0,IF(AZ9<FT_Y5,1+INT((AZ9-FT_First)/FT_Int1),FT_PreY5+FT_PerYear*INT((AZ9-FT_Y5)/12)+FT_AnnivDays+INT(MOD(AZ9-FT_Y5,12)/FT_Int2)-IF(EDATE(AL9,FT_Y5)<PolicyEff,FT_AnnivDays-1,0))),IF(AV9="PT",IF(AZ9<PT_First,0,1+INT((AZ9-PT_First)/PT_Int)),0)),0)) | BE9: =IF(AK9=0,"",IF(AT9="FT",IF(BB9<FT_First,0,IF(BB9<FT_Y5,1+INT((BB9-FT_First)/FT_Int1),FT_PreY5+FT_PerYear*INT((BB9-FT_Y5)/12)+FT_AnnivDays+INT(MOD(BB9-FT_Y5,12)/FT_Int2)-IF(EDATE(AL9,FT_Y5)<PolicyEff,FT_AnnivDays-1,0))),IF(AT9="PT",IF(BB9<PT_First,0,1+INT((BB9-PT_First)/PT_Int)),0))+IF(AND(AM9>=2,AO9<=PFYDate),IF(AU9="FT",IF(BC9<FT_First,0,IF(BC9<FT_Y5,1+INT((BC9-FT_First)/FT_Int1),FT_PreY5+FT_PerYear*INT((BC9-FT_Y5)/12)+FT_AnnivDays+INT(MOD(BC9-FT_Y5,12)/FT_Int2)-IF(EDATE(AL9,FT_Y5)<PolicyEff,FT_AnnivDays-1,0))),IF(AU9="PT",IF(BC9<PT_First,0,1+INT((BC9-PT_First)/PT_Int)),0))-IF(AU9="FT",IF(BB9<FT_First,0,IF(BB9<FT_Y5,1+INT((BB9-FT_First)/FT_Int1),FT_PreY5+FT_PerYear*INT((BB9-FT_Y5)/12)+FT_AnnivDays+INT(MOD(BB9-FT_Y5,12)/FT_Int2)-IF(EDATE(AL9,FT_Y5)<PolicyEff,FT_AnnivDays-1,0))),IF(AU9="PT",IF(BB9<PT_First,0,1+INT((BB9-PT_First)/PT_Int)),0)),0)+IF(AND(AM9>=3,AP9<=PFYDate),IF(AV9="FT",IF(BA9<FT_First,0,IF(BA9<FT_Y5,1+INT((BA9-FT_First)/FT_Int1),FT_PreY5+FT_PerYear*INT((BA9-FT_Y5)/12)+FT_AnnivDays+INT(MOD(BA9-FT_Y5,12)/FT_Int2)-IF(EDATE(AL9,FT_Y5)<PolicyEff,FT_AnnivDays-1,0))),IF(AV9="PT",IF(BA9<PT_First,0,1+INT((BA9-PT_First)/PT_Int)),0))-IF(AV9="FT",IF(BC9<FT_First,0,IF(BC9<FT_Y5,1+INT((BC9-FT_First)/FT_Int1),FT_PreY5+FT_PerYear*INT((BC9-FT_Y5)/12)+FT_AnnivDays+INT(MOD(BC9-FT_Y5,12)/FT_Int2)-IF(EDATE(AL9,FT_Y5)<PolicyEff,FT_AnnivDays-1,0))),IF(AV9="PT",IF(BC9<PT_First,0,1+INT((BC9-PT_First)/PT_Int)),0)),0)) | BF9: =IF(AK9=0,"",IF(AW9="FT",IF(AX9<FT_First,FT_First,IF(AX9<FT_Y5,MIN(FT_Y5,FT_First+FT_Int1*(INT((AX9-FT_First)/FT_Int1)+1)),FT_Y5+12*INT((AX9-FT_Y5)/12)+FT_Int2*(INT(MOD(AX9-FT_Y5,12)/FT_Int2)+1))),IF(AW9="PT",IF(AX9<PT_First,PT_First,PT_First+PT_Int*(INT((AX9-PT_First)/PT_Int)+1)),""))) | BG9: =IF(AK9=0,"",IF(NOT(LH_Ready),0,COUNTIFS(INDEX(LH_Data,0,LH_ColFirst),$A9,INDEX(LH_Data,0,LH_ColSur),$B9,INDEX(LH_Data,0,LH_ColCat),BonusCat))) | BH9: =IF(AK9=0,"",IF(OR(NOT(LH_Ready),BG9=0),0,SUMPRODUCT(MAX((INDEX(LH_Data,0,LH_ColFirst)=$A9)*(INDEX(LH_Data,0,LH_ColSur)=$B9)*(INDEX(LH_Data,0,LH_ColCat)=BonusCat)*ROW(LH_Data))))) | BI9: =IF(AK9=0,"",IF(EOMONTH(AsOfDate,-1)<AL9,-1,12*(YEAR(EOMONTH(AsOfDate,-1))-YEAR(AL9))+MONTH(EOMONTH(AsOfDate,-1))-MONTH(AL9)-IF(DAY(EOMONTH(AsOfDate,-1))<MIN(DAY(AL9),DAY(EOMONTH(EOMONTH(AsOfDate,-1),0))),1,0))) | BJ9: =IF(AK9=0,"",IF(OR(AM9<2,AO9>EOMONTH(AsOfDate,-1)),BI9,IF((AO9-1)<AL9,-1,12*(YEAR((AO9-1))-YEAR(AL9))+MONTH((AO9-1))-MONTH(AL9)-IF(DAY((AO9-1))<MIN(DAY(AL9),DAY(EOMONTH((AO9-1),0))),1,0)))) | BK9: =IF(AK9=0,"",IF(OR(AM9<3,AP9>EOMONTH(AsOfDate,-1)),BI9,IF((AP9-1)<AL9,-1,12*(YEAR((AP9-1))-YEAR(AL9))+MONTH((AP9-1))-MONTH(AL9)-IF(DAY((AP9-1))<MIN(DAY(AL9),DAY(EOMONTH((AP9-1),0))),1,0)))) | BL9: =IF(AK9=0,"",IF(AT9="FT",IF(BJ9<FT_First,0,IF(BJ9<FT_Y5,1+INT((BJ9-FT_First)/FT_Int1),FT_PreY5+FT_PerYear*INT((BJ9-FT_Y5)/12)+FT_AnnivDays+INT(MOD(BJ9-FT_Y5,12)/FT_Int2)-IF(EDATE(AL9,FT_Y5)<PolicyEff,FT_AnnivDays-1,0))),IF(AT9="PT",IF(BJ9<PT_First,0,1+INT((BJ9-PT_First)/PT_Int)),0))+IF(AND(AM9>=2,AO9<=EOMONTH(AsOfDate,-1)),IF(AU9="FT",IF(BK9<FT_First,0,IF(BK9<FT_Y5,1+INT((BK9-FT_First)/FT_Int1),FT_PreY5+FT_PerYear*INT((BK9-FT_Y5)/12)+FT_AnnivDays+INT(MOD(BK9-FT_Y5,12)/FT_Int2)-IF(EDATE(AL9,FT_Y5)<PolicyEff,FT_AnnivDays-1,0))),IF(AU9="PT",IF(BK9<PT_First,0,1+INT((BK9-PT_First)/PT_Int)),0))-IF(AU9="FT",IF(BJ9<FT_First,0,IF(BJ9<FT_Y5,1+INT((BJ9-FT_First)/FT_Int1),FT_PreY5+FT_PerYear*INT((BJ9-FT_Y5)/12)+FT_AnnivDays+INT(MOD(BJ9-FT_Y5,12)/FT_Int2)-IF(EDATE(AL9,FT_Y5)<PolicyEff,FT_AnnivDays-1,0))),IF(AU9="PT",IF(BJ9<PT_First,0,1+INT((BJ9-PT_First)/PT_Int)),0)),0)+IF(AND(AM9>=3,AP9<=EOMONTH(AsOfDate,-1)),IF(AV9="FT",IF(BI9<FT_First,0,IF(BI9<FT_Y5,1+INT((BI9-FT_First)/FT_Int1),FT_PreY5+FT_PerYear*INT((BI9-FT_Y5)/12)+FT_AnnivDays+INT(MOD(BI9-FT_Y5,12)/FT_Int2)-IF(EDATE(AL9,FT_Y5)<PolicyEff,FT_AnnivDays-1,0))),IF(AV9="PT",IF(BI9<PT_First,0,1+INT((BI9-PT_First)/PT_Int)),0))-IF(AV9="FT",IF(BK9<FT_First,0,IF(BK9<FT_Y5,1+INT((BK9-FT_First)/FT_Int1),FT_PreY5+FT_PerYear*INT((BK9-FT_Y5)/12)+FT_AnnivDays+INT(MOD(BK9-FT_Y5,12)/FT_Int2)-IF(EDATE(AL9,FT_Y5)<PolicyEff,FT_AnnivDays-1,0))),IF(AV9="PT",IF(BK9<PT_First,0,1+INT((BK9-PT_First)/PT_Int)),0)),0)) | BM9: =IF(AK9=0,"",IF(AW9="FT",IF(AX9<FT_First,"",IF(AX9<FT_Y5,FT_First+FT_Int1*INT((AX9-FT_First)/FT_Int1),FT_Y5+FT_Int2*INT((AX9-FT_Y5)/FT_Int2))),IF(AW9="PT",IF(AX9<PT_First,"",PT_First+PT_Int*INT((AX9-PT_First)/PT_Int)),""))) | BN9: =IF(AK9=0,"",IF((SchemeStart-1)<AL9,-1,12*(YEAR((SchemeStart-1))-YEAR(AL9))+MONTH((SchemeStart-1))-MONTH(AL9)-IF(DAY((SchemeStart-1))<MIN(DAY(AL9),DAY(EOMONTH((SchemeStart-1),0))),1,0))) | BO9: =IF(AK9=0,"",IF(OR(AM9<2,AO9>(SchemeStart-1)),BN9,IF((AO9-1)<AL9,-1,12*(YEAR((AO9-1))-YEAR(AL9))+MONTH((AO9-1))-MONTH(AL9)-IF(DAY((AO9-1))<MIN(DAY(AL9),DAY(EOMONTH((AO9-1),0))),1,0)))) | BP9: =IF(AK9=0,"",IF(OR(AM9<3,AP9>(SchemeStart-1)),BN9,IF((AP9-1)<AL9,-1,12*(YEAR((AP9-1))-YEAR(AL9))+MONTH((AP9-1))-MONTH(AL9)-IF(DAY((AP9-1))<MIN(DAY(AL9),DAY(EOMONTH((AP9-1),0))),1,0)))) | BQ9: =IF(AK9=0,"",IF(AT9="FT",IF(BO9<FT_First,0,IF(BO9<FT_Y5,1+INT((BO9-FT_First)/FT_Int1),FT_PreY5+FT_PerYear*INT((BO9-FT_Y5)/12)+FT_AnnivDays+INT(MOD(BO9-FT_Y5,12)/FT_Int2)-IF(EDATE(AL9,FT_Y5)<PolicyEff,FT_AnnivDays-1,0))),IF(AT9="PT",IF(BO9<PT_First,0,1+INT((BO9-PT_First)/PT_Int)),0))+IF(AND(AM9>=2,AO9<=(SchemeStart-1)),IF(AU9="FT",IF(BP9<FT_First,0,IF(BP9<FT_Y5,1+INT((BP9-FT_First)/FT_Int1),FT_PreY5+FT_PerYear*INT((BP9-FT_Y5)/12)+FT_AnnivDays+INT(MOD(BP9-FT_Y5,12)/FT_Int2)-IF(EDATE(AL9,FT_Y5)<PolicyEff,FT_AnnivDays-1,0))),IF(AU9="PT",IF(BP9<PT_First,0,1+INT((BP9-PT_First)/PT_Int)),0))-IF(AU9="FT",IF(BO9<FT_First,0,IF(BO9<FT_Y5,1+INT((BO9-FT_First)/FT_Int1),FT_PreY5+FT_PerYear*INT((BO9-FT_Y5)/12)+FT_AnnivDays+INT(MOD(BO9-FT_Y5,12)/FT_Int2)-IF(EDATE(AL9,FT_Y5)<PolicyEff,FT_AnnivDays-1,0))),IF(AU9="PT",IF(BO9<PT_First,0,1+INT((BO9-PT_First)/PT_Int)),0)),0)+IF(AND(AM9>=3,AP9<=(SchemeStart-1)),IF(AV9="FT",IF(BN9<FT_First,0,IF(BN9<FT_Y5,1+INT((BN9-FT_First)/FT_Int1),FT_PreY5+FT_PerYear*INT((BN9-FT_Y5)/12)+FT_AnnivDays+INT(MOD(BN9-FT_Y5,12)/FT_Int2)-IF(EDATE(AL9,FT_Y5)<PolicyEff,FT_AnnivDays-1,0))),IF(AV9="PT",IF(BN9<PT_First,0,1+INT((BN9-PT_First)/PT_Int)),0))-IF(AV9="FT",IF(BP9<FT_First,0,IF(BP9<FT_Y5,1+INT((BP9-FT_First)/FT_Int1),FT_PreY5+FT_PerYear*INT((BP9-FT_Y5)/12)+FT_AnnivDays+INT(MOD(BP9-FT_Y5,12)/FT_Int2)-IF(EDATE(AL9,FT_Y5)<PolicyEff,FT_AnnivDays-1,0))),IF(AV9="PT",IF(BP9<PT_First,0,1+INT((BP9-PT_First)/PT_Int)),0)),0)) | BR9: =IF(LEN($A9&$B9)=0,"",$A9&" "&$B9)
E10: =IF(OR(AK10=0,$D10=""),"",DATE(YEAR(AsOfDate)+IF(DATE(YEAR(AsOfDate),MONTH($D10),DAY($D10))<=AsOfDate,1,0),MONTH($D10),DAY($D10))) | K10: =IF(AK10=0,"",DATE(YEAR(AsOfDate)+IF(DATE(YEAR(AsOfDate),MONTH(AL10),DAY(AL10))<=AsOfDate,1,0),MONTH(AL10),DAY(AL10))) | L10: =IF(AK10=0,"",ROUND((AsOfDate-AL10)/365.25,1)) | M10: =IF(AK10=0,"",IF(AsOfDate<AL10,"-",DATEDIF(AL10,AsOfDate,"y")&"y "&DATEDIF(AL10,AsOfDate,"ym")&"m "&DATEDIF(AL10,AsOfDate,"md")&"d")) | N10: =IF(AK10=0,"",O10*HoursPerDay) | O10: =IF(AK10=0,"",MAX(0,BD10-BQ10)) | Q10: =IF(AK10=0,"",IF(AM10<2,"",AQ10&" to "&AR10&" on "&TEXT(AO10,"dd/mm/yyyy")&IF(AO10>AsOfDate," (future)",IF(AT10=AU10,"",IF(AU10="None"," - STOPPED accruing",IF(AT10="None"," - commencement for Bonus Leave"," - pathway changed"))))&IF(AM10<3,"","; "&AR10&" to "&AS10&" on "&TEXT(AP10,"dd/mm/yyyy")&IF(AP10>AsOfDate," (future)",IF(AU10=AV10,"",IF(AV10="None"," - STOPPED accruing",IF(AU10="None"," - commencement for Bonus Leave"," - pathway changed"))))))) | R10: =IF(AK10=0,"",IF(AW10="None",IF(O10>0,"No longer accruing","Not eligible - "&IF(AND(OR(ISNUMBER(SEARCH("part",$C10)),UPPER(TRIM($C10))="PT",UPPER(TRIM($C10))="PTE"),Apply2026="No"),"part-time (scheme is full-time only)",IF(AND(OR(ISNUMBER(SEARCH("part",$C10)),UPPER(TRIM($C10))="PT",UPPER(TRIM($C10))="PTE"),$P10<>"",N($P10)<PT_MinHours),"under "&PT_MinHours&" hrs",IF(IF($C10="","",IF(OR(ISNUMBER(SEARCH("full",$C10)),UPPER(TRIM($C10))="FT",UPPER(TRIM($C10))="FTE"),"Full-Time",IF(OR(ISNUMBER(SEARCH("part",$C10)),UPPER(TRIM($C10))="PT",UPPER(TRIM($C10))="PTE"),"Part-Time",IF(OR(ISNUMBER(SEARCH("cas",$C10)),UPPER(TRIM($C10))="CAS"),"Casual","Unknown"))))="Unknown","type not recognised",$C10)))),IF(O10>0,"Yes - Accrual Required","Not yet - from "&TEXT(S10,"dd/mm/yyyy")))) | S10: =IF(AK10=0,"",IF(AW10="None","",EDATE(AL10,BF10))) | T10: =IF(AK10=0,"",IF(NOT(LH_Ready),"",IF($F10>PFYDate,0,IF(LH_ColPeriod=0,W10-U10+V10,SUMIFS(INDEX(LH_Data,0,LH_ColAcc),INDEX(LH_Data,0,LH_ColFirst),$A10,INDEX(LH_Data,0,LH_ColSur),$B10,INDEX(LH_Data,0,LH_ColCat),BonusCat,INDEX(LH_Data,0,LH_ColPeriod),LH_OpenLabel)*UnitFactor)))) | U10: =IF(AK10=0,"",IF(NOT(LH_Ready),"",SUMIFS(INDEX(LH_Data,0,LH_ColAcc),INDEX(LH_Data,0,LH_ColFirst),$A10,INDEX(LH_Data,0,LH_ColSur),$B10,INDEX(LH_Data,0,LH_ColCat),BonusCat,INDEX(LH_Data,0,LH_ColStart),">="&AL10)*UnitFactor)) | V10: =IF(AK10=0,"",IF(NOT(LH_Ready),"",SUMIFS(INDEX(LH_Data,0,LH_ColTaken),INDEX(LH_Data,0,LH_ColFirst),$A10,INDEX(LH_Data,0,LH_ColSur),$B10,INDEX(LH_Data,0,LH_ColCat),BonusCat,INDEX(LH_Data,0,LH_ColStart),">="&AL10)*UnitFactor)) | W10: =IF(AK10=0,"",IF(NOT(LH_Ready),"",IF(BH10=0,0,INDEX(INDEX(LH_Data,0,LH_ColClose),BH10-1)*UnitFactor))) | X10: =IF(AK10=0,"",(MAX(0,BD10-BQ10)-MAX(0,BE10-BQ10))*HoursPerDay) | Y10: =IF(AK10=0,"",IF(NOT(LH_Ready),"",IF($AI10="Yes",N(AE10)*HoursPerDay-SUMIFS(INDEX(LH_Data,0,LH_ColAcc),INDEX(LH_Data,0,LH_ColFirst),$A10,INDEX(LH_Data,0,LH_ColSur),$B10,INDEX(LH_Data,0,LH_ColCat),BonusCat,INDEX(LH_Data,0,LH_ColStart),">="&(EOMONTH(AsOfDate,-1)+1),INDEX(LH_Data,0,LH_ColStart),"<="&AsOfDate)*UnitFactor,IF(BG10=0,N10,N10-N(T10)-N(U10))))) | Z10: =IF(OR(AK10=0,Y10=""),"",IF(Y10>0,"Yes","No")) | AA10: =IF(AK10=0,IF(LEN($A10&$B10)=0,"","FIX INPUT - StartDate missing"),IF(AD10<>"","FIX INPUT - "&AD10,IF(NOT(LH_Ready),"Paste Leave History export (Settings must show YES)",IF(AND($AI10="Yes",Y10<=0),"OK - EH balance accepted to date"&IF(N(AH10)>0," (EH holds "&AH10&" hrs over the scheme)","")&"; next day "&TEXT(S10,"dd mmm yy")&IF(N(AE10)>0," ("&AE10&" day(s) for "&UPPER(TEXT(AsOfDate,"mmm yyyy"))&" already in EH)",""),IF(Y10>0,"ACCRUE "&ROUND(Y10,2)&" hrs ("&ROUND(Y10/HoursPerDay,2)&" days): "&IF(N(AE10)>0,AE10&" day(s) for "&UPPER(TEXT(AsOfDate,"mmm yyyy"))&" (milestone "&UPPER(TEXT(AF10,"dd mmm yy"))&")"&IF(Y10/HoursPerDay>AE10+0.001," + "&ROUND(Y10/HoursPerDay-AE10,2)&" day(s) catch-up from earlier months",""),"all catch-up from earlier months, nothing new this month")&IF(BG10=0,"; no Bonus Leave in EH yet",""),IF(Y10<0,"CHECK - EH accrued "&ROUND(-Y10,2)&" hrs more than policy since commencement",IF(N(W10)>O10*HoursPerDay+0.01,"CHECK - EH balance "&ROUND(W10-O10*HoursPerDay,2)&" hrs more than policy entitlement",IF(O10>0,"OK - nothing to add"&IF(N(AE10)>0," ("&AE10&" day(s) for "&UPPER(TEXT(AsOfDate,"mmm yyyy"))&" already in EH)",""),IF(AW10="None",R10,"Not yet - first day on "&TEXT(S10,"dd/mm/yyyy")))))))))) | AB10: =IF(OR(AK10=0,T10=""),"",MAX(0,BE10-BQ10)*HoursPerDay-T10) | AC10: =IF(AK10=0,"",BG10) | AD10: =IF(AK10=0,"",TRIM(IF(OR(ISTEXT($F10),ISTEXT($H10),ISTEXT($I10),ISTEXT($G10),ISTEXT($J10),ISTEXT($D10)),"A date is typed as text - retype it as dd/mm/yyyy. ","")&IF(IF($C10="","",IF(OR(ISNUMBER(SEARCH("full",$C10)),UPPER(TRIM($C10))="FT",UPPER(TRIM($C10))="FTE"),"Full-Time",IF(OR(ISNUMBER(SEARCH("part",$C10)),UPPER(TRIM($C10))="PT",UPPER(TRIM($C10))="PTE"),"Part-Time",IF(OR(ISNUMBER(SEARCH("cas",$C10)),UPPER(TRIM($C10))="CAS"),"Casual","Unknown"))))="Unknown","EmploymentType not recognised - use Full-Time, Part-Time or Casual. ","")&IF(AND(AM10>=1,IF(AM10>=3,AS10,IF(AM10=2,AR10,AQ10))<>IF($C10="","",IF(OR(ISNUMBER(SEARCH("full",$C10)),UPPER(TRIM($C10))="FT",UPPER(TRIM($C10))="FTE"),"Full-Time",IF(OR(ISNUMBER(SEARCH("part",$C10)),UPPER(TRIM($C10))="PT",UPPER(TRIM($C10))="PTE"),"Part-Time",IF(OR(ISNUMBER(SEARCH("cas",$C10)),UPPER(TRIM($C10))="CAS"),"Casual","Unknown"))))),"EmploymentType does not match latest start date ("&IF(AM10>=3,AS10,IF(AM10=2,AR10,AQ10))&"). ","")&IF(AND(AM10>=1,AN10<>$F10),"Earliest type date should equal StartDate. ","")&IF(AND(AM10>=2,AN10=AO10),"Two types start on the same date. ","")&IF(AND(OR(ISNUMBER(SEARCH("part",$C10)),UPPER(TRIM($C10))="PT",UPPER(TRIM($C10))="PTE"),$P10=""),"Part-time: enter PT Hrs/Week (blank = 24+). ",""))) | AE10: =IF(AK10=0,"",O10-MAX(0,BL10-BQ10)) | AF10: =IF(OR(AK10=0,AE10="",N(AE10)=0,BM10=""),"",EDATE(AL10,BM10)) | AG10: =IF(AK10=0,"",MIN(BD10,BQ10)) | AH10: =IF(AK10=0,"",IF(NOT(LH_Ready),"",IF(BG10=0,0,MAX(0,ROUND(N(T10)+N(U10)-N10,2))))) | AK10: =IF(OR(LEN($A10&$B10)=0,$F10=""),0,1) -> 0 | AL10: =IF(AK10=0,"",IF(PreSchemeCounts="No",MAX(SchemeStart,IF($J10<>"",$J10,IF(OR(CasualCounts="Yes",COUNT($G10:$I10)=0),$F10,IF(Apply2026="No",IF($I10="",$F10,$I10),IF(COUNT($H10:$I10)=0,$F10,MIN($H10:$I10)))))),IF($J10<>"",$J10,IF(OR(CasualCounts="Yes",COUNT($G10:$I10)=0),$F10,IF(Apply2026="No",IF($I10="",$F10,$I10),IF(COUNT($H10:$I10)=0,$F10,MIN($H10:$I10))))))) | AM10: =IF(AK10=0,"",COUNT($G10:$I10)) | AN10: =IF(AK10=0,"",IFERROR(SMALL($G10:$I10,1),"")) | AO10: =IF(AK10=0,"",IFERROR(SMALL($G10:$I10,2),"")) | AP10: =IF(AK10=0,"",IFERROR(SMALL($G10:$I10,3),"")) | AQ10: =IF(AK10=0,"",IF(AN10="","",IF(AN10=$H10,"Part-Time",IF(AN10=$I10,"Full-Time","Casual")))) | AR10: =IF(AK10=0,"",IF(AO10="","",IF(AO10=$H10,"Part-Time",IF(AO10=$I10,"Full-Time","Casual")))) | AS10: =IF(AK10=0,"",IF(AP10="","",IF(AP10=$H10,"Part-Time",IF(AP10=$I10,"Full-Time","Casual")))) | AT10: =IF(AK10=0,"",IF(AM10=0,IF(OR(ISNUMBER(SEARCH("full",$C10)),UPPER(TRIM($C10))="FT",UPPER(TRIM($C10))="FTE"),"FT",IF(AND(OR(ISNUMBER(SEARCH("part",$C10)),UPPER(TRIM($C10))="PT",UPPER(TRIM($C10))="PTE"),Apply2026="Yes",OR($P10="",N($P10)>=PT_MinHours)),"PT","None")),IF(OR(ISNUMBER(SEARCH("full",AQ10)),UPPER(TRIM(AQ10))="FT",UPPER(TRIM(AQ10))="FTE"),"FT",IF(AND(OR(ISNUMBER(SEARCH("part",AQ10)),UPPER(TRIM(AQ10))="PT",UPPER(TRIM(AQ10))="PTE"),Apply2026="Yes",OR($P10="",N($P10)>=PT_MinHours)),"PT","None")))) | AU10: =IF(AK10=0,"",IF(AM10<2,"",IF(OR(ISNUMBER(SEARCH("full",AR10)),UPPER(TRIM(AR10))="FT",UPPER(TRIM(AR10))="FTE"),"FT",IF(AND(OR(ISNUMBER(SEARCH("part",AR10)),UPPER(TRIM(AR10))="PT",UPPER(TRIM(AR10))="PTE"),Apply2026="Yes",OR($P10="",N($P10)>=PT_MinHours)),"PT","None")))) | AV10: =IF(AK10=0,"",IF(AM10<3,"",IF(OR(ISNUMBER(SEARCH("full",AS10)),UPPER(TRIM(AS10))="FT",UPPER(TRIM(AS10))="FTE"),"FT",IF(AND(OR(ISNUMBER(SEARCH("part",AS10)),UPPER(TRIM(AS10))="PT",UPPER(TRIM(AS10))="PTE"),Apply2026="Yes",OR($P10="",N($P10)>=PT_MinHours)),"PT","None")))) | AW10: =IF(AK10=0,"",IF(AND(AM10>=3,AP10<=AsOfDate),AV10,IF(AND(AM10>=2,AO10<=AsOfDate),AU10,AT10))) | AX10: =IF(AK10=0,"",IF(AsOfDate<AL10,-1,12*(YEAR(AsOfDate)-YEAR(AL10))+MONTH(AsOfDate)-MONTH(AL10)-IF(DAY(AsOfDate)<MIN(DAY(AL10),DAY(EOMONTH(AsOfDate,0))),1,0))) | AY10: =IF(AK10=0,"",IF(OR(AM10<2,AO10>AsOfDate),AX10,IF((AO10-1)<AL10,-1,12*(YEAR((AO10-1))-YEAR(AL10))+MONTH((AO10-1))-MONTH(AL10)-IF(DAY((AO10-1))<MIN(DAY(AL10),DAY(EOMONTH((AO10-1),0))),1,0)))) | AZ10: =IF(AK10=0,"",IF(OR(AM10<3,AP10>AsOfDate),AX10,IF((AP10-1)<AL10,-1,12*(YEAR((AP10-1))-YEAR(AL10))+MONTH((AP10-1))-MONTH(AL10)-IF(DAY((AP10-1))<MIN(DAY(AL10),DAY(EOMONTH((AP10-1),0))),1,0)))) | BA10: =IF(AK10=0,"",IF(PFYDate<AL10,-1,12*(YEAR(PFYDate)-YEAR(AL10))+MONTH(PFYDate)-MONTH(AL10)-IF(DAY(PFYDate)<MIN(DAY(AL10),DAY(EOMONTH(PFYDate,0))),1,0))) | BB10: =IF(AK10=0,"",IF(OR(AM10<2,AO10>PFYDate),BA10,IF((AO10-1)<AL10,-1,12*(YEAR((AO10-1))-YEAR(AL10))+MONTH((AO10-1))-MONTH(AL10)-IF(DAY((AO10-1))<MIN(DAY(AL10),DAY(EOMONTH((AO10-1),0))),1,0)))) | BC10: =IF(AK10=0,"",IF(OR(AM10<3,AP10>PFYDate),BA10,IF((AP10-1)<AL10,-1,12*(YEAR((AP10-1))-YEAR(AL10))+MONTH((AP10-1))-MONTH(AL10)-IF(DAY((AP10-1))<MIN(DAY(AL10),DAY(EOMONTH((AP10-1),0))),1,0)))) | BD10: =IF(AK10=0,"",IF(AT10="FT",IF(AY10<FT_First,0,IF(AY10<FT_Y5,1+INT((AY10-FT_First)/FT_Int1),FT_PreY5+FT_PerYear*INT((AY10-FT_Y5)/12)+FT_AnnivDays+INT(MOD(AY10-FT_Y5,12)/FT_Int2)-IF(EDATE(AL10,FT_Y5)<PolicyEff,FT_AnnivDays-1,0))),IF(AT10="PT",IF(AY10<PT_First,0,1+INT((AY10-PT_First)/PT_Int)),0))+IF(AND(AM10>=2,AO10<=AsOfDate),IF(AU10="FT",IF(AZ10<FT_First,0,IF(AZ10<FT_Y5,1+INT((AZ10-FT_First)/FT_Int1),FT_PreY5+FT_PerYear*INT((AZ10-FT_Y5)/12)+FT_AnnivDays+INT(MOD(AZ10-FT_Y5,12)/FT_Int2)-IF(EDATE(AL10,FT_Y5)<PolicyEff,FT_AnnivDays-1,0))),IF(AU10="PT",IF(AZ10<PT_First,0,1+INT((AZ10-PT_First)/PT_Int)),0))-IF(AU10="FT",IF(AY10<FT_First,0,IF(AY10<FT_Y5,1+INT((AY10-FT_First)/FT_Int1),FT_PreY5+FT_PerYear*INT((AY10-FT_Y5)/12)+FT_AnnivDays+INT(MOD(AY10-FT_Y5,12)/FT_Int2)-IF(EDATE(AL10,FT_Y5)<PolicyEff,FT_AnnivDays-1,0))),IF(AU10="PT",IF(AY10<PT_First,0,1+INT((AY10-PT_First)/PT_Int)),0)),0)+IF(AND(AM10>=3,AP10<=AsOfDate),IF(AV10="FT",IF(AX10<FT_First,0,IF(AX10<FT_Y5,1+INT((AX10-FT_First)/FT_Int1),FT_PreY5+FT_PerYear*INT((AX10-FT_Y5)/12)+FT_AnnivDays+INT(MOD(AX10-FT_Y5,12)/FT_Int2)-IF(EDATE(AL10,FT_Y5)<PolicyEff,FT_AnnivDays-1,0))),IF(AV10="PT",IF(AX10<PT_First,0,1+INT((AX10-PT_First)/PT_Int)),0))-IF(AV10="FT",IF(AZ10<FT_First,0,IF(AZ10<FT_Y5,1+INT((AZ10-FT_First)/FT_Int1),FT_PreY5+FT_PerYear*INT((AZ10-FT_Y5)/12)+FT_AnnivDays+INT(MOD(AZ10-FT_Y5,12)/FT_Int2)-IF(EDATE(AL10,FT_Y5)<PolicyEff,FT_AnnivDays-1,0))),IF(AV10="PT",IF(AZ10<PT_First,0,1+INT((AZ10-PT_First)/PT_Int)),0)),0)) | BE10: =IF(AK10=0,"",IF(AT10="FT",IF(BB10<FT_First,0,IF(BB10<FT_Y5,1+INT((BB10-FT_First)/FT_Int1),FT_PreY5+FT_PerYear*INT((BB10-FT_Y5)/12)+FT_AnnivDays+INT(MOD(BB10-FT_Y5,12)/FT_Int2)-IF(EDATE(AL10,FT_Y5)<PolicyEff,FT_AnnivDays-1,0))),IF(AT10="PT",IF(BB10<PT_First,0,1+INT((BB10-PT_First)/PT_Int)),0))+IF(AND(AM10>=2,AO10<=PFYDate),IF(AU10="FT",IF(BC10<FT_First,0,IF(BC10<FT_Y5,1+INT((BC10-FT_First)/FT_Int1),FT_PreY5+FT_PerYear*INT((BC10-FT_Y5)/12)+FT_AnnivDays+INT(MOD(BC10-FT_Y5,12)/FT_Int2)-IF(EDATE(AL10,FT_Y5)<PolicyEff,FT_AnnivDays-1,0))),IF(AU10="PT",IF(BC10<PT_First,0,1+INT((BC10-PT_First)/PT_Int)),0))-IF(AU10="FT",IF(BB10<FT_First,0,IF(BB10<FT_Y5,1+INT((BB10-FT_First)/FT_Int1),FT_PreY5+FT_PerYear*INT((BB10-FT_Y5)/12)+FT_AnnivDays+INT(MOD(BB10-FT_Y5,12)/FT_Int2)-IF(EDATE(AL10,FT_Y5)<PolicyEff,FT_AnnivDays-1,0))),IF(AU10="PT",IF(BB10<PT_First,0,1+INT((BB10-PT_First)/PT_Int)),0)),0)+IF(AND(AM10>=3,AP10<=PFYDate),IF(AV10="FT",IF(BA10<FT_First,0,IF(BA10<FT_Y5,1+INT((BA10-FT_First)/FT_Int1),FT_PreY5+FT_PerYear*INT((BA10-FT_Y5)/12)+FT_AnnivDays+INT(MOD(BA10-FT_Y5,12)/FT_Int2)-IF(EDATE(AL10,FT_Y5)<PolicyEff,FT_AnnivDays-1,0))),IF(AV10="PT",IF(BA10<PT_First,0,1+INT((BA10-PT_First)/PT_Int)),0))-IF(AV10="FT",IF(BC10<FT_First,0,IF(BC10<FT_Y5,1+INT((BC10-FT_First)/FT_Int1),FT_PreY5+FT_PerYear*INT((BC10-FT_Y5)/12)+FT_AnnivDays+INT(MOD(BC10-FT_Y5,12)/FT_Int2)-IF(EDATE(AL10,FT_Y5)<PolicyEff,FT_AnnivDays-1,0))),IF(AV10="PT",IF(BC10<PT_First,0,1+INT((BC10-PT_First)/PT_Int)),0)),0)) | BF10: =IF(AK10=0,"",IF(AW10="FT",IF(AX10<FT_First,FT_First,IF(AX10<FT_Y5,MIN(FT_Y5,FT_First+FT_Int1*(INT((AX10-FT_First)/FT_Int1)+1)),FT_Y5+12*INT((AX10-FT_Y5)/12)+FT_Int2*(INT(MOD(AX10-FT_Y5,12)/FT_Int2)+1))),IF(AW10="PT",IF(AX10<PT_First,PT_First,PT_First+PT_Int*(INT((AX10-PT_First)/PT_Int)+1)),""))) | BG10: =IF(AK10=0,"",IF(NOT(LH_Ready),0,COUNTIFS(INDEX(LH_Data,0,LH_ColFirst),$A10,INDEX(LH_Data,0,LH_ColSur),$B10,INDEX(LH_Data,0,LH_ColCat),BonusCat))) | BH10: =IF(AK10=0,"",IF(OR(NOT(LH_Ready),BG10=0),0,SUMPRODUCT(MAX((INDEX(LH_Data,0,LH_ColFirst)=$A10)*(INDEX(LH_Data,0,LH_ColSur)=$B10)*(INDEX(LH_Data,0,LH_ColCat)=BonusCat)*ROW(LH_Data))))) | BI10: =IF(AK10=0,"",IF(EOMONTH(AsOfDate,-1)<AL10,-1,12*(YEAR(EOMONTH(AsOfDate,-1))-YEAR(AL10))+MONTH(EOMONTH(AsOfDate,-1))-MONTH(AL10)-IF(DAY(EOMONTH(AsOfDate,-1))<MIN(DAY(AL10),DAY(EOMONTH(EOMONTH(AsOfDate,-1),0))),1,0))) | BJ10: =IF(AK10=0,"",IF(OR(AM10<2,AO10>EOMONTH(AsOfDate,-1)),BI10,IF((AO10-1)<AL10,-1,12*(YEAR((AO10-1))-YEAR(AL10))+MONTH((AO10-1))-MONTH(AL10)-IF(DAY((AO10-1))<MIN(DAY(AL10),DAY(EOMONTH((AO10-1),0))),1,0)))) | BK10: =IF(AK10=0,"",IF(OR(AM10<3,AP10>EOMONTH(AsOfDate,-1)),BI10,IF((AP10-1)<AL10,-1,12*(YEAR((AP10-1))-YEAR(AL10))+MONTH((AP10-1))-MONTH(AL10)-IF(DAY((AP10-1))<MIN(DAY(AL10),DAY(EOMONTH((AP10-1),0))),1,0)))) | BL10: =IF(AK10=0,"",IF(AT10="FT",IF(BJ10<FT_First,0,IF(BJ10<FT_Y5,1+INT((BJ10-FT_First)/FT_Int1),FT_PreY5+FT_PerYear*INT((BJ10-FT_Y5)/12)+FT_AnnivDays+INT(MOD(BJ10-FT_Y5,12)/FT_Int2)-IF(EDATE(AL10,FT_Y5)<PolicyEff,FT_AnnivDays-1,0))),IF(AT10="PT",IF(BJ10<PT_First,0,1+INT((BJ10-PT_First)/PT_Int)),0))+IF(AND(AM10>=2,AO10<=EOMONTH(AsOfDate,-1)),IF(AU10="FT",IF(BK10<FT_First,0,IF(BK10<FT_Y5,1+INT((BK10-FT_First)/FT_Int1),FT_PreY5+FT_PerYear*INT((BK10-FT_Y5)/12)+FT_AnnivDays+INT(MOD(BK10-FT_Y5,12)/FT_Int2)-IF(EDATE(AL10,FT_Y5)<PolicyEff,FT_AnnivDays-1,0))),IF(AU10="PT",IF(BK10<PT_First,0,1+INT((BK10-PT_First)/PT_Int)),0))-IF(AU10="FT",IF(BJ10<FT_First,0,IF(BJ10<FT_Y5,1+INT((BJ10-FT_First)/FT_Int1),FT_PreY5+FT_PerYear*INT((BJ10-FT_Y5)/12)+FT_AnnivDays+INT(MOD(BJ10-FT_Y5,12)/FT_Int2)-IF(EDATE(AL10,FT_Y5)<PolicyEff,FT_AnnivDays-1,0))),IF(AU10="PT",IF(BJ10<PT_First,0,1+INT((BJ10-PT_First)/PT_Int)),0)),0)+IF(AND(AM10>=3,AP10<=EOMONTH(AsOfDate,-1)),IF(AV10="FT",IF(BI10<FT_First,0,IF(BI10<FT_Y5,1+INT((BI10-FT_First)/FT_Int1),FT_PreY5+FT_PerYear*INT((BI10-FT_Y5)/12)+FT_AnnivDays+INT(MOD(BI10-FT_Y5,12)/FT_Int2)-IF(EDATE(AL10,FT_Y5)<PolicyEff,FT_AnnivDays-1,0))),IF(AV10="PT",IF(BI10<PT_First,0,1+INT((BI10-PT_First)/PT_Int)),0))-IF(AV10="FT",IF(BK10<FT_First,0,IF(BK10<FT_Y5,1+INT((BK10-FT_First)/FT_Int1),FT_PreY5+FT_PerYear*INT((BK10-FT_Y5)/12)+FT_AnnivDays+INT(MOD(BK10-FT_Y5,12)/FT_Int2)-IF(EDATE(AL10,FT_Y5)<PolicyEff,FT_AnnivDays-1,0))),IF(AV10="PT",IF(BK10<PT_First,0,1+INT((BK10-PT_First)/PT_Int)),0)),0)) | BM10: =IF(AK10=0,"",IF(AW10="FT",IF(AX10<FT_First,"",IF(AX10<FT_Y5,FT_First+FT_Int1*INT((AX10-FT_First)/FT_Int1),FT_Y5+FT_Int2*INT((AX10-FT_Y5)/FT_Int2))),IF(AW10="PT",IF(AX10<PT_First,"",PT_First+PT_Int*INT((AX10-PT_First)/PT_Int)),""))) | BN10: =IF(AK10=0,"",IF((SchemeStart-1)<AL10,-1,12*(YEAR((SchemeStart-1))-YEAR(AL10))+MONTH((SchemeStart-1))-MONTH(AL10)-IF(DAY((SchemeStart-1))<MIN(DAY(AL10),DAY(EOMONTH((SchemeStart-1),0))),1,0))) | BO10: =IF(AK10=0,"",IF(OR(AM10<2,AO10>(SchemeStart-1)),BN10,IF((AO10-1)<AL10,-1,12*(YEAR((AO10-1))-YEAR(AL10))+MONTH((AO10-1))-MONTH(AL10)-IF(DAY((AO10-1))<MIN(DAY(AL10),DAY(EOMONTH((AO10-1),0))),1,0)))) | BP10: =IF(AK10=0,"",IF(OR(AM10<3,AP10>(SchemeStart-1)),BN10,IF((AP10-1)<AL10,-1,12*(YEAR((AP10-1))-YEAR(AL10))+MONTH((AP10-1))-MONTH(AL10)-IF(DAY((AP10-1))<MIN(DAY(AL10),DAY(EOMONTH((AP10-1),0))),1,0)))) | BQ10: =IF(AK10=0,"",IF(AT10="FT",IF(BO10<FT_First,0,IF(BO10<FT_Y5,1+INT((BO10-FT_First)/FT_Int1),FT_PreY5+FT_PerYear*INT((BO10-FT_Y5)/12)+FT_AnnivDays+INT(MOD(BO10-FT_Y5,12)/FT_Int2)-IF(EDATE(AL10,FT_Y5)<PolicyEff,FT_AnnivDays-1,0))),IF(AT10="PT",IF(BO10<PT_First,0,1+INT((BO10-PT_First)/PT_Int)),0))+IF(AND(AM10>=2,AO10<=(SchemeStart-1)),IF(AU10="FT",IF(BP10<FT_First,0,IF(BP10<FT_Y5,1+INT((BP10-FT_First)/FT_Int1),FT_PreY5+FT_PerYear*INT((BP10-FT_Y5)/12)+FT_AnnivDays+INT(MOD(BP10-FT_Y5,12)/FT_Int2)-IF(EDATE(AL10,FT_Y5)<PolicyEff,FT_AnnivDays-1,0))),IF(AU10="PT",IF(BP10<PT_First,0,1+INT((BP10-PT_First)/PT_Int)),0))-IF(AU10="FT",IF(BO10<FT_First,0,IF(BO10<FT_Y5,1+INT((BO10-FT_First)/FT_Int1),FT_PreY5+FT_PerYear*INT((BO10-FT_Y5)/12)+FT_AnnivDays+INT(MOD(BO10-FT_Y5,12)/FT_Int2)-IF(EDATE(AL10,FT_Y5)<PolicyEff,FT_AnnivDays-1,0))),IF(AU10="PT",IF(BO10<PT_First,0,1+INT((BO10-PT_First)/PT_Int)),0)),0)+IF(AND(AM10>=3,AP10<=(SchemeStart-1)),IF(AV10="FT",IF(BN10<FT_First,0,IF(BN10<FT_Y5,1+INT((BN10-FT_First)/FT_Int1),FT_PreY5+FT_PerYear*INT((BN10-FT_Y5)/12)+FT_AnnivDays+INT(MOD(BN10-FT_Y5,12)/FT_Int2)-IF(EDATE(AL10,FT_Y5)<PolicyEff,FT_AnnivDays-1,0))),IF(AV10="PT",IF(BN10<PT_First,0,1+INT((BN10-PT_First)/PT_Int)),0))-IF(AV10="FT",IF(BP10<FT_First,0,IF(BP10<FT_Y5,1+INT((BP10-FT_First)/FT_Int1),FT_PreY5+FT_PerYear*INT((BP10-FT_Y5)/12)+FT_AnnivDays+INT(MOD(BP10-FT_Y5,12)/FT_Int2)-IF(EDATE(AL10,FT_Y5)<PolicyEff,FT_AnnivDays-1,0))),IF(AV10="PT",IF(BP10<PT_First,0,1+INT((BP10-PT_First)/PT_Int)),0)),0)) | BR10: =IF(LEN($A10&$B10)=0,"",$A10&" "&$B10)
E11: =IF(OR(AK11=0,$D11=""),"",DATE(YEAR(AsOfDate)+IF(DATE(YEAR(AsOfDate),MONTH($D11),DAY($D11))<=AsOfDate,1,0),MONTH($D11),DAY($D11))) | K11: =IF(AK11=0,"",DATE(YEAR(AsOfDate)+IF(DATE(YEAR(AsOfDate),MONTH(AL11),DAY(AL11))<=AsOfDate,1,0),MONTH(AL11),DAY(AL11))) | L11: =IF(AK11=0,"",ROUND((AsOfDate-AL11)/365.25,1)) | M11: =IF(AK11=0,"",IF(AsOfDate<AL11,"-",DATEDIF(AL11,AsOfDate,"y")&"y "&DATEDIF(AL11,AsOfDate,"ym")&"m "&DATEDIF(AL11,AsOfDate,"md")&"d")) | N11: =IF(AK11=0,"",O11*HoursPerDay) | O11: =IF(AK11=0,"",MAX(0,BD11-BQ11)) | Q11: =IF(AK11=0,"",IF(AM11<2,"",AQ11&" to "&AR11&" on "&TEXT(AO11,"dd/mm/yyyy")&IF(AO11>AsOfDate," (future)",IF(AT11=AU11,"",IF(AU11="None"," - STOPPED accruing",IF(AT11="None"," - commencement for Bonus Leave"," - pathway changed"))))&IF(AM11<3,"","; "&AR11&" to "&AS11&" on "&TEXT(AP11,"dd/mm/yyyy")&IF(AP11>AsOfDate," (future)",IF(AU11=AV11,"",IF(AV11="None"," - STOPPED accruing",IF(AU11="None"," - commencement for Bonus Leave"," - pathway changed"))))))) | R11: =IF(AK11=0,"",IF(AW11="None",IF(O11>0,"No longer accruing","Not eligible - "&IF(AND(OR(ISNUMBER(SEARCH("part",$C11)),UPPER(TRIM($C11))="PT",UPPER(TRIM($C11))="PTE"),Apply2026="No"),"part-time (scheme is full-time only)",IF(AND(OR(ISNUMBER(SEARCH("part",$C11)),UPPER(TRIM($C11))="PT",UPPER(TRIM($C11))="PTE"),$P11<>"",N($P11)<PT_MinHours),"under "&PT_MinHours&" hrs",IF(IF($C11="","",IF(OR(ISNUMBER(SEARCH("full",$C11)),UPPER(TRIM($C11))="FT",UPPER(TRIM($C11))="FTE"),"Full-Time",IF(OR(ISNUMBER(SEARCH("part",$C11)),UPPER(TRIM($C11))="PT",UPPER(TRIM($C11))="PTE"),"Part-Time",IF(OR(ISNUMBER(SEARCH("cas",$C11)),UPPER(TRIM($C11))="CAS"),"Casual","Unknown"))))="Unknown","type not recognised",$C11)))),IF(O11>0,"Yes - Accrual Required","Not yet - from "&TEXT(S11,"dd/mm/yyyy")))) | S11: =IF(AK11=0,"",IF(AW11="None","",EDATE(AL11,BF11))) | T11: =IF(AK11=0,"",IF(NOT(LH_Ready),"",IF($F11>PFYDate,0,IF(LH_ColPeriod=0,W11-U11+V11,SUMIFS(INDEX(LH_Data,0,LH_ColAcc),INDEX(LH_Data,0,LH_ColFirst),$A11,INDEX(LH_Data,0,LH_ColSur),$B11,INDEX(LH_Data,0,LH_ColCat),BonusCat,INDEX(LH_Data,0,LH_ColPeriod),LH_OpenLabel)*UnitFactor)))) | U11: =IF(AK11=0,"",IF(NOT(LH_Ready),"",SUMIFS(INDEX(LH_Data,0,LH_ColAcc),INDEX(LH_Data,0,LH_ColFirst),$A11,INDEX(LH_Data,0,LH_ColSur),$B11,INDEX(LH_Data,0,LH_ColCat),BonusCat,INDEX(LH_Data,0,LH_ColStart),">="&AL11)*UnitFactor)) | V11: =IF(AK11=0,"",IF(NOT(LH_Ready),"",SUMIFS(INDEX(LH_Data,0,LH_ColTaken),INDEX(LH_Data,0,LH_ColFirst),$A11,INDEX(LH_Data,0,LH_ColSur),$B11,INDEX(LH_Data,0,LH_ColCat),BonusCat,INDEX(LH_Data,0,LH_ColStart),">="&AL11)*UnitFactor)) | W11: =IF(AK11=0,"",IF(NOT(LH_Ready),"",IF(BH11=0,0,INDEX(INDEX(LH_Data,0,LH_ColClose),BH11-1)*UnitFactor))) | X11: =IF(AK11=0,"",(MAX(0,BD11-BQ11)-MAX(0,BE11-BQ11))*HoursPerDay) | Y11: =IF(AK11=0,"",IF(NOT(LH_Ready),"",IF($AI11="Yes",N(AE11)*HoursPerDay-SUMIFS(INDEX(LH_Data,0,LH_ColAcc),INDEX(LH_Data,0,LH_ColFirst),$A11,INDEX(LH_Data,0,LH_ColSur),$B11,INDEX(LH_Data,0,LH_ColCat),BonusCat,INDEX(LH_Data,0,LH_ColStart),">="&(EOMONTH(AsOfDate,-1)+1),INDEX(LH_Data,0,LH_ColStart),"<="&AsOfDate)*UnitFactor,IF(BG11=0,N11,N11-N(T11)-N(U11))))) | Z11: =IF(OR(AK11=0,Y11=""),"",IF(Y11>0,"Yes","No")) | AA11: =IF(AK11=0,IF(LEN($A11&$B11)=0,"","FIX INPUT - StartDate missing"),IF(AD11<>"","FIX INPUT - "&AD11,IF(NOT(LH_Ready),"Paste Leave History export (Settings must show YES)",IF(AND($AI11="Yes",Y11<=0),"OK - EH balance accepted to date"&IF(N(AH11)>0," (EH holds "&AH11&" hrs over the scheme)","")&"; next day "&TEXT(S11,"dd mmm yy")&IF(N(AE11)>0," ("&AE11&" day(s) for "&UPPER(TEXT(AsOfDate,"mmm yyyy"))&" already in EH)",""),IF(Y11>0,"ACCRUE "&ROUND(Y11,2)&" hrs ("&ROUND(Y11/HoursPerDay,2)&" days): "&IF(N(AE11)>0,AE11&" day(s) for "&UPPER(TEXT(AsOfDate,"mmm yyyy"))&" (milestone "&UPPER(TEXT(AF11,"dd mmm yy"))&")"&IF(Y11/HoursPerDay>AE11+0.001," + "&ROUND(Y11/HoursPerDay-AE11,2)&" day(s) catch-up from earlier months",""),"all catch-up from earlier months, nothing new this month")&IF(BG11=0,"; no Bonus Leave in EH yet",""),IF(Y11<0,"CHECK - EH accrued "&ROUND(-Y11,2)&" hrs more than policy since commencement",IF(N(W11)>O11*HoursPerDay+0.01,"CHECK - EH balance "&ROUND(W11-O11*HoursPerDay,2)&" hrs more than policy entitlement",IF(O11>0,"OK - nothing to add"&IF(N(AE11)>0," ("&AE11&" day(s) for "&UPPER(TEXT(AsOfDate,"mmm yyyy"))&" already in EH)",""),IF(AW11="None",R11,"Not yet - first day on "&TEXT(S11,"dd/mm/yyyy")))))))))) | AB11: =IF(OR(AK11=0,T11=""),"",MAX(0,BE11-BQ11)*HoursPerDay-T11) | AC11: =IF(AK11=0,"",BG11) | AD11: =IF(AK11=0,"",TRIM(IF(OR(ISTEXT($F11),ISTEXT($H11),ISTEXT($I11),ISTEXT($G11),ISTEXT($J11),ISTEXT($D11)),"A date is typed as text - retype it as dd/mm/yyyy. ","")&IF(IF($C11="","",IF(OR(ISNUMBER(SEARCH("full",$C11)),UPPER(TRIM($C11))="FT",UPPER(TRIM($C11))="FTE"),"Full-Time",IF(OR(ISNUMBER(SEARCH("part",$C11)),UPPER(TRIM($C11))="PT",UPPER(TRIM($C11))="PTE"),"Part-Time",IF(OR(ISNUMBER(SEARCH("cas",$C11)),UPPER(TRIM($C11))="CAS"),"Casual","Unknown"))))="Unknown","EmploymentType not recognised - use Full-Time, Part-Time or Casual. ","")&IF(AND(AM11>=1,IF(AM11>=3,AS11,IF(AM11=2,AR11,AQ11))<>IF($C11="","",IF(OR(ISNUMBER(SEARCH("full",$C11)),UPPER(TRIM($C11))="FT",UPPER(TRIM($C11))="FTE"),"Full-Time",IF(OR(ISNUMBER(SEARCH("part",$C11)),UPPER(TRIM($C11))="PT",UPPER(TRIM($C11))="PTE"),"Part-Time",IF(OR(ISNUMBER(SEARCH("cas",$C11)),UPPER(TRIM($C11))="CAS"),"Casual","Unknown"))))),"EmploymentType does not match latest start date ("&IF(AM11>=3,AS11,IF(AM11=2,AR11,AQ11))&"). ","")&IF(AND(AM11>=1,AN11<>$F11),"Earliest type date should equal StartDate. ","")&IF(AND(AM11>=2,AN11=AO11),"Two types start on the same date. ","")&IF(AND(OR(ISNUMBER(SEARCH("part",$C11)),UPPER(TRIM($C11))="PT",UPPER(TRIM($C11))="PTE"),$P11=""),"Part-time: enter PT Hrs/Week (blank = 24+). ",""))) | AE11: =IF(AK11=0,"",O11-MAX(0,BL11-BQ11)) | AF11: =IF(OR(AK11=0,AE11="",N(AE11)=0,BM11=""),"",EDATE(AL11,BM11)) | AG11: =IF(AK11=0,"",MIN(BD11,BQ11)) | AH11: =IF(AK11=0,"",IF(NOT(LH_Ready),"",IF(BG11=0,0,MAX(0,ROUND(N(T11)+N(U11)-N11,2))))) | AK11: =IF(OR(LEN($A11&$B11)=0,$F11=""),0,1) -> 0 | AL11: =IF(AK11=0,"",IF(PreSchemeCounts="No",MAX(SchemeStart,IF($J11<>"",$J11,IF(OR(CasualCounts="Yes",COUNT($G11:$I11)=0),$F11,IF(Apply2026="No",IF($I11="",$F11,$I11),IF(COUNT($H11:$I11)=0,$F11,MIN($H11:$I11)))))),IF($J11<>"",$J11,IF(OR(CasualCounts="Yes",COUNT($G11:$I11)=0),$F11,IF(Apply2026="No",IF($I11="",$F11,$I11),IF(COUNT($H11:$I11)=0,$F11,MIN($H11:$I11))))))) | AM11: =IF(AK11=0,"",COUNT($G11:$I11)) | AN11: =IF(AK11=0,"",IFERROR(SMALL($G11:$I11,1),"")) | AO11: =IF(AK11=0,"",IFERROR(SMALL($G11:$I11,2),"")) | AP11: =IF(AK11=0,"",IFERROR(SMALL($G11:$I11,3),"")) | AQ11: =IF(AK11=0,"",IF(AN11="","",IF(AN11=$H11,"Part-Time",IF(AN11=$I11,"Full-Time","Casual")))) | AR11: =IF(AK11=0,"",IF(AO11="","",IF(AO11=$H11,"Part-Time",IF(AO11=$I11,"Full-Time","Casual")))) | AS11: =IF(AK11=0,"",IF(AP11="","",IF(AP11=$H11,"Part-Time",IF(AP11=$I11,"Full-Time","Casual")))) | AT11: =IF(AK11=0,"",IF(AM11=0,IF(OR(ISNUMBER(SEARCH("full",$C11)),UPPER(TRIM($C11))="FT",UPPER(TRIM($C11))="FTE"),"FT",IF(AND(OR(ISNUMBER(SEARCH("part",$C11)),UPPER(TRIM($C11))="PT",UPPER(TRIM($C11))="PTE"),Apply2026="Yes",OR($P11="",N($P11)>=PT_MinHours)),"PT","None")),IF(OR(ISNUMBER(SEARCH("full",AQ11)),UPPER(TRIM(AQ11))="FT",UPPER(TRIM(AQ11))="FTE"),"FT",IF(AND(OR(ISNUMBER(SEARCH("part",AQ11)),UPPER(TRIM(AQ11))="PT",UPPER(TRIM(AQ11))="PTE"),Apply2026="Yes",OR($P11="",N($P11)>=PT_MinHours)),"PT","None")))) | AU11: =IF(AK11=0,"",IF(AM11<2,"",IF(OR(ISNUMBER(SEARCH("full",AR11)),UPPER(TRIM(AR11))="FT",UPPER(TRIM(AR11))="FTE"),"FT",IF(AND(OR(ISNUMBER(SEARCH("part",AR11)),UPPER(TRIM(AR11))="PT",UPPER(TRIM(AR11))="PTE"),Apply2026="Yes",OR($P11="",N($P11)>=PT_MinHours)),"PT","None")))) | AV11: =IF(AK11=0,"",IF(AM11<3,"",IF(OR(ISNUMBER(SEARCH("full",AS11)),UPPER(TRIM(AS11))="FT",UPPER(TRIM(AS11))="FTE"),"FT",IF(AND(OR(ISNUMBER(SEARCH("part",AS11)),UPPER(TRIM(AS11))="PT",UPPER(TRIM(AS11))="PTE"),Apply2026="Yes",OR($P11="",N($P11)>=PT_MinHours)),"PT","None")))) | AW11: =IF(AK11=0,"",IF(AND(AM11>=3,AP11<=AsOfDate),AV11,IF(AND(AM11>=2,AO11<=AsOfDate),AU11,AT11))) | AX11: =IF(AK11=0,"",IF(AsOfDate<AL11,-1,12*(YEAR(AsOfDate)-YEAR(AL11))+MONTH(AsOfDate)-MONTH(AL11)-IF(DAY(AsOfDate)<MIN(DAY(AL11),DAY(EOMONTH(AsOfDate,0))),1,0))) | AY11: =IF(AK11=0,"",IF(OR(AM11<2,AO11>AsOfDate),AX11,IF((AO11-1)<AL11,-1,12*(YEAR((AO11-1))-YEAR(AL11))+MONTH((AO11-1))-MONTH(AL11)-IF(DAY((AO11-1))<MIN(DAY(AL11),DAY(EOMONTH((AO11-1),0))),1,0)))) | AZ11: =IF(AK11=0,"",IF(OR(AM11<3,AP11>AsOfDate),AX11,IF((AP11-1)<AL11,-1,12*(YEAR((AP11-1))-YEAR(AL11))+MONTH((AP11-1))-MONTH(AL11)-IF(DAY((AP11-1))<MIN(DAY(AL11),DAY(EOMONTH((AP11-1),0))),1,0)))) | BA11: =IF(AK11=0,"",IF(PFYDate<AL11,-1,12*(YEAR(PFYDate)-YEAR(AL11))+MONTH(PFYDate)-MONTH(AL11)-IF(DAY(PFYDate)<MIN(DAY(AL11),DAY(EOMONTH(PFYDate,0))),1,0))) | BB11: =IF(AK11=0,"",IF(OR(AM11<2,AO11>PFYDate),BA11,IF((AO11-1)<AL11,-1,12*(YEAR((AO11-1))-YEAR(AL11))+MONTH((AO11-1))-MONTH(AL11)-IF(DAY((AO11-1))<MIN(DAY(AL11),DAY(EOMONTH((AO11-1),0))),1,0)))) | BC11: =IF(AK11=0,"",IF(OR(AM11<3,AP11>PFYDate),BA11,IF((AP11-1)<AL11,-1,12*(YEAR((AP11-1))-YEAR(AL11))+MONTH((AP11-1))-MONTH(AL11)-IF(DAY((AP11-1))<MIN(DAY(AL11),DAY(EOMONTH((AP11-1),0))),1,0)))) | BD11: =IF(AK11=0,"",IF(AT11="FT",IF(AY11<FT_First,0,IF(AY11<FT_Y5,1+INT((AY11-FT_First)/FT_Int1),FT_PreY5+FT_PerYear*INT((AY11-FT_Y5)/12)+FT_AnnivDays+INT(MOD(AY11-FT_Y5,12)/FT_Int2)-IF(EDATE(AL11,FT_Y5)<PolicyEff,FT_AnnivDays-1,0))),IF(AT11="PT",IF(AY11<PT_First,0,1+INT((AY11-PT_First)/PT_Int)),0))+IF(AND(AM11>=2,AO11<=AsOfDate),IF(AU11="FT",IF(AZ11<FT_First,0,IF(AZ11<FT_Y5,1+INT((AZ11-FT_First)/FT_Int1),FT_PreY5+FT_PerYear*INT((AZ11-FT_Y5)/12)+FT_AnnivDays+INT(MOD(AZ11-FT_Y5,12)/FT_Int2)-IF(EDATE(AL11,FT_Y5)<PolicyEff,FT_AnnivDays-1,0))),IF(AU11="PT",IF(AZ11<PT_First,0,1+INT((AZ11-PT_First)/PT_Int)),0))-IF(AU11="FT",IF(AY11<FT_First,0,IF(AY11<FT_Y5,1+INT((AY11-FT_First)/FT_Int1),FT_PreY5+FT_PerYear*INT((AY11-FT_Y5)/12)+FT_AnnivDays+INT(MOD(AY11-FT_Y5,12)/FT_Int2)-IF(EDATE(AL11,FT_Y5)<PolicyEff,FT_AnnivDays-1,0))),IF(AU11="PT",IF(AY11<PT_First,0,1+INT((AY11-PT_First)/PT_Int)),0)),0)+IF(AND(AM11>=3,AP11<=AsOfDate),IF(AV11="FT",IF(AX11<FT_First,0,IF(AX11<FT_Y5,1+INT((AX11-FT_First)/FT_Int1),FT_PreY5+FT_PerYear*INT((AX11-FT_Y5)/12)+FT_AnnivDays+INT(MOD(AX11-FT_Y5,12)/FT_Int2)-IF(EDATE(AL11,FT_Y5)<PolicyEff,FT_AnnivDays-1,0))),IF(AV11="PT",IF(AX11<PT_First,0,1+INT((AX11-PT_First)/PT_Int)),0))-IF(AV11="FT",IF(AZ11<FT_First,0,IF(AZ11<FT_Y5,1+INT((AZ11-FT_First)/FT_Int1),FT_PreY5+FT_PerYear*INT((AZ11-FT_Y5)/12)+FT_AnnivDays+INT(MOD(AZ11-FT_Y5,12)/FT_Int2)-IF(EDATE(AL11,FT_Y5)<PolicyEff,FT_AnnivDays-1,0))),IF(AV11="PT",IF(AZ11<PT_First,0,1+INT((AZ11-PT_First)/PT_Int)),0)),0)) | BE11: =IF(AK11=0,"",IF(AT11="FT",IF(BB11<FT_First,0,IF(BB11<FT_Y5,1+INT((BB11-FT_First)/FT_Int1),FT_PreY5+FT_PerYear*INT((BB11-FT_Y5)/12)+FT_AnnivDays+INT(MOD(BB11-FT_Y5,12)/FT_Int2)-IF(EDATE(AL11,FT_Y5)<PolicyEff,FT_AnnivDays-1,0))),IF(AT11="PT",IF(BB11<PT_First,0,1+INT((BB11-PT_First)/PT_Int)),0))+IF(AND(AM11>=2,AO11<=PFYDate),IF(AU11="FT",IF(BC11<FT_First,0,IF(BC11<FT_Y5,1+INT((BC11-FT_First)/FT_Int1),FT_PreY5+FT_PerYear*INT((BC11-FT_Y5)/12)+FT_AnnivDays+INT(MOD(BC11-FT_Y5,12)/FT_Int2)-IF(EDATE(AL11,FT_Y5)<PolicyEff,FT_AnnivDays-1,0))),IF(AU11="PT",IF(BC11<PT_First,0,1+INT((BC11-PT_First)/PT_Int)),0))-IF(AU11="FT",IF(BB11<FT_First,0,IF(BB11<FT_Y5,1+INT((BB11-FT_First)/FT_Int1),FT_PreY5+FT_PerYear*INT((BB11-FT_Y5)/12)+FT_AnnivDays+INT(MOD(BB11-FT_Y5,12)/FT_Int2)-IF(EDATE(AL11,FT_Y5)<PolicyEff,FT_AnnivDays-1,0))),IF(AU11="PT",IF(BB11<PT_First,0,1+INT((BB11-PT_First)/PT_Int)),0)),0)+IF(AND(AM11>=3,AP11<=PFYDate),IF(AV11="FT",IF(BA11<FT_First,0,IF(BA11<FT_Y5,1+INT((BA11-FT_First)/FT_Int1),FT_PreY5+FT_PerYear*INT((BA11-FT_Y5)/12)+FT_AnnivDays+INT(MOD(BA11-FT_Y5,12)/FT_Int2)-IF(EDATE(AL11,FT_Y5)<PolicyEff,FT_AnnivDays-1,0))),IF(AV11="PT",IF(BA11<PT_First,0,1+INT((BA11-PT_First)/PT_Int)),0))-IF(AV11="FT",IF(BC11<FT_First,0,IF(BC11<FT_Y5,1+INT((BC11-FT_First)/FT_Int1),FT_PreY5+FT_PerYear*INT((BC11-FT_Y5)/12)+FT_AnnivDays+INT(MOD(BC11-FT_Y5,12)/FT_Int2)-IF(EDATE(AL11,FT_Y5)<PolicyEff,FT_AnnivDays-1,0))),IF(AV11="PT",IF(BC11<PT_First,0,1+INT((BC11-PT_First)/PT_Int)),0)),0)) | BF11: =IF(AK11=0,"",IF(AW11="FT",IF(AX11<FT_First,FT_First,IF(AX11<FT_Y5,MIN(FT_Y5,FT_First+FT_Int1*(INT((AX11-FT_First)/FT_Int1)+1)),FT_Y5+12*INT((AX11-FT_Y5)/12)+FT_Int2*(INT(MOD(AX11-FT_Y5,12)/FT_Int2)+1))),IF(AW11="PT",IF(AX11<PT_First,PT_First,PT_First+PT_Int*(INT((AX11-PT_First)/PT_Int)+1)),""))) | BG11: =IF(AK11=0,"",IF(NOT(LH_Ready),0,COUNTIFS(INDEX(LH_Data,0,LH_ColFirst),$A11,INDEX(LH_Data,0,LH_ColSur),$B11,INDEX(LH_Data,0,LH_ColCat),BonusCat))) | BH11: =IF(AK11=0,"",IF(OR(NOT(LH_Ready),BG11=0),0,SUMPRODUCT(MAX((INDEX(LH_Data,0,LH_ColFirst)=$A11)*(INDEX(LH_Data,0,LH_ColSur)=$B11)*(INDEX(LH_Data,0,LH_ColCat)=BonusCat)*ROW(LH_Data))))) | BI11: =IF(AK11=0,"",IF(EOMONTH(AsOfDate,-1)<AL11,-1,12*(YEAR(EOMONTH(AsOfDate,-1))-YEAR(AL11))+MONTH(EOMONTH(AsOfDate,-1))-MONTH(AL11)-IF(DAY(EOMONTH(AsOfDate,-1))<MIN(DAY(AL11),DAY(EOMONTH(EOMONTH(AsOfDate,-1),0))),1,0))) | BJ11: =IF(AK11=0,"",IF(OR(AM11<2,AO11>EOMONTH(AsOfDate,-1)),BI11,IF((AO11-1)<AL11,-1,12*(YEAR((AO11-1))-YEAR(AL11))+MONTH((AO11-1))-MONTH(AL11)-IF(DAY((AO11-1))<MIN(DAY(AL11),DAY(EOMONTH((AO11-1),0))),1,0)))) | BK11: =IF(AK11=0,"",IF(OR(AM11<3,AP11>EOMONTH(AsOfDate,-1)),BI11,IF((AP11-1)<AL11,-1,12*(YEAR((AP11-1))-YEAR(AL11))+MONTH((AP11-1))-MONTH(AL11)-IF(DAY((AP11-1))<MIN(DAY(AL11),DAY(EOMONTH((AP11-1),0))),1,0)))) | BL11: =IF(AK11=0,"",IF(AT11="FT",IF(BJ11<FT_First,0,IF(BJ11<FT_Y5,1+INT((BJ11-FT_First)/FT_Int1),FT_PreY5+FT_PerYear*INT((BJ11-FT_Y5)/12)+FT_AnnivDays+INT(MOD(BJ11-FT_Y5,12)/FT_Int2)-IF(EDATE(AL11,FT_Y5)<PolicyEff,FT_AnnivDays-1,0))),IF(AT11="PT",IF(BJ11<PT_First,0,1+INT((BJ11-PT_First)/PT_Int)),0))+IF(AND(AM11>=2,AO11<=EOMONTH(AsOfDate,-1)),IF(AU11="FT",IF(BK11<FT_First,0,IF(BK11<FT_Y5,1+INT((BK11-FT_First)/FT_Int1),FT_PreY5+FT_PerYear*INT((BK11-FT_Y5)/12)+FT_AnnivDays+INT(MOD(BK11-FT_Y5,12)/FT_Int2)-IF(EDATE(AL11,FT_Y5)<PolicyEff,FT_AnnivDays-1,0))),IF(AU11="PT",IF(BK11<PT_First,0,1+INT((BK11-PT_First)/PT_Int)),0))-IF(AU11="FT",IF(BJ11<FT_First,0,IF(BJ11<FT_Y5,1+INT((BJ11-FT_First)/FT_Int1),FT_PreY5+FT_PerYear*INT((BJ11-FT_Y5)/12)+FT_AnnivDays+INT(MOD(BJ11-FT_Y5,12)/FT_Int2)-IF(EDATE(AL11,FT_Y5)<PolicyEff,FT_AnnivDays-1,0))),IF(AU11="PT",IF(BJ11<PT_First,0,1+INT((BJ11-PT_First)/PT_Int)),0)),0)+IF(AND(AM11>=3,AP11<=EOMONTH(AsOfDate,-1)),IF(AV11="FT",IF(BI11<FT_First,0,IF(BI11<FT_Y5,1+INT((BI11-FT_First)/FT_Int1),FT_PreY5+FT_PerYear*INT((BI11-FT_Y5)/12)+FT_AnnivDays+INT(MOD(BI11-FT_Y5,12)/FT_Int2)-IF(EDATE(AL11,FT_Y5)<PolicyEff,FT_AnnivDays-1,0))),IF(AV11="PT",IF(BI11<PT_First,0,1+INT((BI11-PT_First)/PT_Int)),0))-IF(AV11="FT",IF(BK11<FT_First,0,IF(BK11<FT_Y5,1+INT((BK11-FT_First)/FT_Int1),FT_PreY5+FT_PerYear*INT((BK11-FT_Y5)/12)+FT_AnnivDays+INT(MOD(BK11-FT_Y5,12)/FT_Int2)-IF(EDATE(AL11,FT_Y5)<PolicyEff,FT_AnnivDays-1,0))),IF(AV11="PT",IF(BK11<PT_First,0,1+INT((BK11-PT_First)/PT_Int)),0)),0)) | BM11: =IF(AK11=0,"",IF(AW11="FT",IF(AX11<FT_First,"",IF(AX11<FT_Y5,FT_First+FT_Int1*INT((AX11-FT_First)/FT_Int1),FT_Y5+FT_Int2*INT((AX11-FT_Y5)/FT_Int2))),IF(AW11="PT",IF(AX11<PT_First,"",PT_First+PT_Int*INT((AX11-PT_First)/PT_Int)),""))) | BN11: =IF(AK11=0,"",IF((SchemeStart-1)<AL11,-1,12*(YEAR((SchemeStart-1))-YEAR(AL11))+MONTH((SchemeStart-1))-MONTH(AL11)-IF(DAY((SchemeStart-1))<MIN(DAY(AL11),DAY(EOMONTH((SchemeStart-1),0))),1,0))) | BO11: =IF(AK11=0,"",IF(OR(AM11<2,AO11>(SchemeStart-1)),BN11,IF((AO11-1)<AL11,-1,12*(YEAR((AO11-1))-YEAR(AL11))+MONTH((AO11-1))-MONTH(AL11)-IF(DAY((AO11-1))<MIN(DAY(AL11),DAY(EOMONTH((AO11-1),0))),1,0)))) | BP11: =IF(AK11=0,"",IF(OR(AM11<3,AP11>(SchemeStart-1)),BN11,IF((AP11-1)<AL11,-1,12*(YEAR((AP11-1))-YEAR(AL11))+MONTH((AP11-1))-MONTH(AL11)-IF(DAY((AP11-1))<MIN(DAY(AL11),DAY(EOMONTH((AP11-1),0))),1,0)))) | BQ11: =IF(AK11=0,"",IF(AT11="FT",IF(BO11<FT_First,0,IF(BO11<FT_Y5,1+INT((BO11-FT_First)/FT_Int1),FT_PreY5+FT_PerYear*INT((BO11-FT_Y5)/12)+FT_AnnivDays+INT(MOD(BO11-FT_Y5,12)/FT_Int2)-IF(EDATE(AL11,FT_Y5)<PolicyEff,FT_AnnivDays-1,0))),IF(AT11="PT",IF(BO11<PT_First,0,1+INT((BO11-PT_First)/PT_Int)),0))+IF(AND(AM11>=2,AO11<=(SchemeStart-1)),IF(AU11="FT",IF(BP11<FT_First,0,IF(BP11<FT_Y5,1+INT((BP11-FT_First)/FT_Int1),FT_PreY5+FT_PerYear*INT((BP11-FT_Y5)/12)+FT_AnnivDays+INT(MOD(BP11-FT_Y5,12)/FT_Int2)-IF(EDATE(AL11,FT_Y5)<PolicyEff,FT_AnnivDays-1,0))),IF(AU11="PT",IF(BP11<PT_First,0,1+INT((BP11-PT_First)/PT_Int)),0))-IF(AU11="FT",IF(BO11<FT_First,0,IF(BO11<FT_Y5,1+INT((BO11-FT_First)/FT_Int1),FT_PreY5+FT_PerYear*INT((BO11-FT_Y5)/12)+FT_AnnivDays+INT(MOD(BO11-FT_Y5,12)/FT_Int2)-IF(EDATE(AL11,FT_Y5)<PolicyEff,FT_AnnivDays-1,0))),IF(AU11="PT",IF(BO11<PT_First,0,1+INT((BO11-PT_First)/PT_Int)),0)),0)+IF(AND(AM11>=3,AP11<=(SchemeStart-1)),IF(AV11="FT",IF(BN11<FT_First,0,IF(BN11<FT_Y5,1+INT((BN11-FT_First)/FT_Int1),FT_PreY5+FT_PerYear*INT((BN11-FT_Y5)/12)+FT_AnnivDays+INT(MOD(BN11-FT_Y5,12)/FT_Int2)-IF(EDATE(AL11,FT_Y5)<PolicyEff,FT_AnnivDays-1,0))),IF(AV11="PT",IF(BN11<PT_First,0,1+INT((BN11-PT_First)/PT_Int)),0))-IF(AV11="FT",IF(BP11<FT_First,0,IF(BP11<FT_Y5,1+INT((BP11-FT_First)/FT_Int1),FT_PreY5+FT_PerYear*INT((BP11-FT_Y5)/12)+FT_AnnivDays+INT(MOD(BP11-FT_Y5,12)/FT_Int2)-IF(EDATE(AL11,FT_Y5)<PolicyEff,FT_AnnivDays-1,0))),IF(AV11="PT",IF(BP11<PT_First,0,1+INT((BP11-PT_First)/PT_Int)),0)),0)) | BR11: =IF(LEN($A11&$B11)=0,"",$A11&" "&$B11)
E12: =IF(OR(AK12=0,$D12=""),"",DATE(YEAR(AsOfDate)+IF(DATE(YEAR(AsOfDate),MONTH($D12),DAY($D12))<=AsOfDate,1,0),MONTH($D12),DAY($D12))) | K12: =IF(AK12=0,"",DATE(YEAR(AsOfDate)+IF(DATE(YEAR(AsOfDate),MONTH(AL12),DAY(AL12))<=AsOfDate,1,0),MONTH(AL12),DAY(AL12))) | L12: =IF(AK12=0,"",ROUND((AsOfDate-AL12)/365.25,1)) | M12: =IF(AK12=0,"",IF(AsOfDate<AL12,"-",DATEDIF(AL12,AsOfDate,"y")&"y "&DATEDIF(AL12,AsOfDate,"ym")&"m "&DATEDIF(AL12,AsOfDate,"md")&"d")) | N12: =IF(AK12=0,"",O12*HoursPerDay) | O12: =IF(AK12=0,"",MAX(0,BD12-BQ12)) | Q12: =IF(AK12=0,"",IF(AM12<2,"",AQ12&" to "&AR12&" on "&TEXT(AO12,"dd/mm/yyyy")&IF(AO12>AsOfDate," (future)",IF(AT12=AU12,"",IF(AU12="None"," - STOPPED accruing",IF(AT12="None"," - commencement for Bonus Leave"," - pathway changed"))))&IF(AM12<3,"","; "&AR12&" to "&AS12&" on "&TEXT(AP12,"dd/mm/yyyy")&IF(AP12>AsOfDate," (future)",IF(AU12=AV12,"",IF(AV12="None"," - STOPPED accruing",IF(AU12="None"," - commencement for Bonus Leave"," - pathway changed"))))))) | R12: =IF(AK12=0,"",IF(AW12="None",IF(O12>0,"No longer accruing","Not eligible - "&IF(AND(OR(ISNUMBER(SEARCH("part",$C12)),UPPER(TRIM($C12))="PT",UPPER(TRIM($C12))="PTE"),Apply2026="No"),"part-time (scheme is full-time only)",IF(AND(OR(ISNUMBER(SEARCH("part",$C12)),UPPER(TRIM($C12))="PT",UPPER(TRIM($C12))="PTE"),$P12<>"",N($P12)<PT_MinHours),"under "&PT_MinHours&" hrs",IF(IF($C12="","",IF(OR(ISNUMBER(SEARCH("full",$C12)),UPPER(TRIM($C12))="FT",UPPER(TRIM($C12))="FTE"),"Full-Time",IF(OR(ISNUMBER(SEARCH("part",$C12)),UPPER(TRIM($C12))="PT",UPPER(TRIM($C12))="PTE"),"Part-Time",IF(OR(ISNUMBER(SEARCH("cas",$C12)),UPPER(TRIM($C12))="CAS"),"Casual","Unknown"))))="Unknown","type not recognised",$C12)))),IF(O12>0,"Yes - Accrual Required","Not yet - from "&TEXT(S12,"dd/mm/yyyy")))) | S12: =IF(AK12=0,"",IF(AW12="None","",EDATE(AL12,BF12))) | T12: =IF(AK12=0,"",IF(NOT(LH_Ready),"",IF($F12>PFYDate,0,IF(LH_ColPeriod=0,W12-U12+V12,SUMIFS(INDEX(LH_Data,0,LH_ColAcc),INDEX(LH_Data,0,LH_ColFirst),$A12,INDEX(LH_Data,0,LH_ColSur),$B12,INDEX(LH_Data,0,LH_ColCat),BonusCat,INDEX(LH_Data,0,LH_ColPeriod),LH_OpenLabel)*UnitFactor)))) | U12: =IF(AK12=0,"",IF(NOT(LH_Ready),"",SUMIFS(INDEX(LH_Data,0,LH_ColAcc),INDEX(LH_Data,0,LH_ColFirst),$A12,INDEX(LH_Data,0,LH_ColSur),$B12,INDEX(LH_Data,0,LH_ColCat),BonusCat,INDEX(LH_Data,0,LH_ColStart),">="&AL12)*UnitFactor)) | V12: =IF(AK12=0,"",IF(NOT(LH_Ready),"",SUMIFS(INDEX(LH_Data,0,LH_ColTaken),INDEX(LH_Data,0,LH_ColFirst),$A12,INDEX(LH_Data,0,LH_ColSur),$B12,INDEX(LH_Data,0,LH_ColCat),BonusCat,INDEX(LH_Data,0,LH_ColStart),">="&AL12)*UnitFactor)) | W12: =IF(AK12=0,"",IF(NOT(LH_Ready),"",IF(BH12=0,0,INDEX(INDEX(LH_Data,0,LH_ColClose),BH12-1)*UnitFactor))) | X12: =IF(AK12=0,"",(MAX(0,BD12-BQ12)-MAX(0,BE12-BQ12))*HoursPerDay) | Y12: =IF(AK12=0,"",IF(NOT(LH_Ready),"",IF($AI12="Yes",N(AE12)*HoursPerDay-SUMIFS(INDEX(LH_Data,0,LH_ColAcc),INDEX(LH_Data,0,LH_ColFirst),$A12,INDEX(LH_Data,0,LH_ColSur),$B12,INDEX(LH_Data,0,LH_ColCat),BonusCat,INDEX(LH_Data,0,LH_ColStart),">="&(EOMONTH(AsOfDate,-1)+1),INDEX(LH_Data,0,LH_ColStart),"<="&AsOfDate)*UnitFactor,IF(BG12=0,N12,N12-N(T12)-N(U12))))) | Z12: =IF(OR(AK12=0,Y12=""),"",IF(Y12>0,"Yes","No")) | AA12: =IF(AK12=0,IF(LEN($A12&$B12)=0,"","FIX INPUT - StartDate missing"),IF(AD12<>"","FIX INPUT - "&AD12,IF(NOT(LH_Ready),"Paste Leave History export (Settings must show YES)",IF(AND($AI12="Yes",Y12<=0),"OK - EH balance accepted to date"&IF(N(AH12)>0," (EH holds "&AH12&" hrs over the scheme)","")&"; next day "&TEXT(S12,"dd mmm yy")&IF(N(AE12)>0," ("&AE12&" day(s) for "&UPPER(TEXT(AsOfDate,"mmm yyyy"))&" already in EH)",""),IF(Y12>0,"ACCRUE "&ROUND(Y12,2)&" hrs ("&ROUND(Y12/HoursPerDay,2)&" days): "&IF(N(AE12)>0,AE12&" day(s) for "&UPPER(TEXT(AsOfDate,"mmm yyyy"))&" (milestone "&UPPER(TEXT(AF12,"dd mmm yy"))&")"&IF(Y12/HoursPerDay>AE12+0.001," + "&ROUND(Y12/HoursPerDay-AE12,2)&" day(s) catch-up from earlier months",""),"all catch-up from earlier months, nothing new this month")&IF(BG12=0,"; no Bonus Leave in EH yet",""),IF(Y12<0,"CHECK - EH accrued "&ROUND(-Y12,2)&" hrs more than policy since commencement",IF(N(W12)>O12*HoursPerDay+0.01,"CHECK - EH balance "&ROUND(W12-O12*HoursPerDay,2)&" hrs more than policy entitlement",IF(O12>0,"OK - nothing to add"&IF(N(AE12)>0," ("&AE12&" day(s) for "&UPPER(TEXT(AsOfDate,"mmm yyyy"))&" already in EH)",""),IF(AW12="None",R12,"Not yet - first day on "&TEXT(S12,"dd/mm/yyyy")))))))))) | AB12: =IF(OR(AK12=0,T12=""),"",MAX(0,BE12-BQ12)*HoursPerDay-T12) | AC12: =IF(AK12=0,"",BG12) | AD12: =IF(AK12=0,"",TRIM(IF(OR(ISTEXT($F12),ISTEXT($H12),ISTEXT($I12),ISTEXT($G12),ISTEXT($J12),ISTEXT($D12)),"A date is typed as text - retype it as dd/mm/yyyy. ","")&IF(IF($C12="","",IF(OR(ISNUMBER(SEARCH("full",$C12)),UPPER(TRIM($C12))="FT",UPPER(TRIM($C12))="FTE"),"Full-Time",IF(OR(ISNUMBER(SEARCH("part",$C12)),UPPER(TRIM($C12))="PT",UPPER(TRIM($C12))="PTE"),"Part-Time",IF(OR(ISNUMBER(SEARCH("cas",$C12)),UPPER(TRIM($C12))="CAS"),"Casual","Unknown"))))="Unknown","EmploymentType not recognised - use Full-Time, Part-Time or Casual. ","")&IF(AND(AM12>=1,IF(AM12>=3,AS12,IF(AM12=2,AR12,AQ12))<>IF($C12="","",IF(OR(ISNUMBER(SEARCH("full",$C12)),UPPER(TRIM($C12))="FT",UPPER(TRIM($C12))="FTE"),"Full-Time",IF(OR(ISNUMBER(SEARCH("part",$C12)),UPPER(TRIM($C12))="PT",UPPER(TRIM($C12))="PTE"),"Part-Time",IF(OR(ISNUMBER(SEARCH("cas",$C12)),UPPER(TRIM($C12))="CAS"),"Casual","Unknown"))))),"EmploymentType does not match latest start date ("&IF(AM12>=3,AS12,IF(AM12=2,AR12,AQ12))&"). ","")&IF(AND(AM12>=1,AN12<>$F12),"Earliest type date should equal StartDate. ","")&IF(AND(AM12>=2,AN12=AO12),"Two types start on the same date. ","")&IF(AND(OR(ISNUMBER(SEARCH("part",$C12)),UPPER(TRIM($C12))="PT",UPPER(TRIM($C12))="PTE"),$P12=""),"Part-time: enter PT Hrs/Week (blank = 24+). ",""))) | AE12: =IF(AK12=0,"",O12-MAX(0,BL12-BQ12)) | AF12: =IF(OR(AK12=0,AE12="",N(AE12)=0,BM12=""),"",EDATE(AL12,BM12)) | AG12: =IF(AK12=0,"",MIN(BD12,BQ12)) | AH12: =IF(AK12=0,"",IF(NOT(LH_Ready),"",IF(BG12=0,0,MAX(0,ROUND(N(T12)+N(U12)-N12,2))))) | AK12: =IF(OR(LEN($A12&$B12)=0,$F12=""),0,1) -> 0 | AL12: =IF(AK12=0,"",IF(PreSchemeCounts="No",MAX(SchemeStart,IF($J12<>"",$J12,IF(OR(CasualCounts="Yes",COUNT($G12:$I12)=0),$F12,IF(Apply2026="No",IF($I12="",$F12,$I12),IF(COUNT($H12:$I12)=0,$F12,MIN($H12:$I12)))))),IF($J12<>"",$J12,IF(OR(CasualCounts="Yes",COUNT($G12:$I12)=0),$F12,IF(Apply2026="No",IF($I12="",$F12,$I12),IF(COUNT($H12:$I12)=0,$F12,MIN($H12:$I12))))))) | AM12: =IF(AK12=0,"",COUNT($G12:$I12)) | AN12: =IF(AK12=0,"",IFERROR(SMALL($G12:$I12,1),"")) | AO12: =IF(AK12=0,"",IFERROR(SMALL($G12:$I12,2),"")) | AP12: =IF(AK12=0,"",IFERROR(SMALL($G12:$I12,3),"")) | AQ12: =IF(AK12=0,"",IF(AN12="","",IF(AN12=$H12,"Part-Time",IF(AN12=$I12,"Full-Time","Casual")))) | AR12: =IF(AK12=0,"",IF(AO12="","",IF(AO12=$H12,"Part-Time",IF(AO12=$I12,"Full-Time","Casual")))) | AS12: =IF(AK12=0,"",IF(AP12="","",IF(AP12=$H12,"Part-Time",IF(AP12=$I12,"Full-Time","Casual")))) | AT12: =IF(AK12=0,"",IF(AM12=0,IF(OR(ISNUMBER(SEARCH("full",$C12)),UPPER(TRIM($C12))="FT",UPPER(TRIM($C12))="FTE"),"FT",IF(AND(OR(ISNUMBER(SEARCH("part",$C12)),UPPER(TRIM($C12))="PT",UPPER(TRIM($C12))="PTE"),Apply2026="Yes",OR($P12="",N($P12)>=PT_MinHours)),"PT","None")),IF(OR(ISNUMBER(SEARCH("full",AQ12)),UPPER(TRIM(AQ12))="FT",UPPER(TRIM(AQ12))="FTE"),"FT",IF(AND(OR(ISNUMBER(SEARCH("part",AQ12)),UPPER(TRIM(AQ12))="PT",UPPER(TRIM(AQ12))="PTE"),Apply2026="Yes",OR($P12="",N($P12)>=PT_MinHours)),"PT","None")))) | AU12: =IF(AK12=0,"",IF(AM12<2,"",IF(OR(ISNUMBER(SEARCH("full",AR12)),UPPER(TRIM(AR12))="FT",UPPER(TRIM(AR12))="FTE"),"FT",IF(AND(OR(ISNUMBER(SEARCH("part",AR12)),UPPER(TRIM(AR12))="PT",UPPER(TRIM(AR12))="PTE"),Apply2026="Yes",OR($P12="",N($P12)>=PT_MinHours)),"PT","None")))) | AV12: =IF(AK12=0,"",IF(AM12<3,"",IF(OR(ISNUMBER(SEARCH("full",AS12)),UPPER(TRIM(AS12))="FT",UPPER(TRIM(AS12))="FTE"),"FT",IF(AND(OR(ISNUMBER(SEARCH("part",AS12)),UPPER(TRIM(AS12))="PT",UPPER(TRIM(AS12))="PTE"),Apply2026="Yes",OR($P12="",N($P12)>=PT_MinHours)),"PT","None")))) | AW12: =IF(AK12=0,"",IF(AND(AM12>=3,AP12<=AsOfDate),AV12,IF(AND(AM12>=2,AO12<=AsOfDate),AU12,AT12))) | AX12: =IF(AK12=0,"",IF(AsOfDate<AL12,-1,12*(YEAR(AsOfDate)-YEAR(AL12))+MONTH(AsOfDate)-MONTH(AL12)-IF(DAY(AsOfDate)<MIN(DAY(AL12),DAY(EOMONTH(AsOfDate,0))),1,0))) | AY12: =IF(AK12=0,"",IF(OR(AM12<2,AO12>AsOfDate),AX12,IF((AO12-1)<AL12,-1,12*(YEAR((AO12-1))-YEAR(AL12))+MONTH((AO12-1))-MONTH(AL12)-IF(DAY((AO12-1))<MIN(DAY(AL12),DAY(EOMONTH((AO12-1),0))),1,0)))) | AZ12: =IF(AK12=0,"",IF(OR(AM12<3,AP12>AsOfDate),AX12,IF((AP12-1)<AL12,-1,12*(YEAR((AP12-1))-YEAR(AL12))+MONTH((AP12-1))-MONTH(AL12)-IF(DAY((AP12-1))<MIN(DAY(AL12),DAY(EOMONTH((AP12-1),0))),1,0)))) | BA12: =IF(AK12=0,"",IF(PFYDate<AL12,-1,12*(YEAR(PFYDate)-YEAR(AL12))+MONTH(PFYDate)-MONTH(AL12)-IF(DAY(PFYDate)<MIN(DAY(AL12),DAY(EOMONTH(PFYDate,0))),1,0))) | BB12: =IF(AK12=0,"",IF(OR(AM12<2,AO12>PFYDate),BA12,IF((AO12-1)<AL12,-1,12*(YEAR((AO12-1))-YEAR(AL12))+MONTH((AO12-1))-MONTH(AL12)-IF(DAY((AO12-1))<MIN(DAY(AL12),DAY(EOMONTH((AO12-1),0))),1,0)))) | BC12: =IF(AK12=0,"",IF(OR(AM12<3,AP12>PFYDate),BA12,IF((AP12-1)<AL12,-1,12*(YEAR((AP12-1))-YEAR(AL12))+MONTH((AP12-1))-MONTH(AL12)-IF(DAY((AP12-1))<MIN(DAY(AL12),DAY(EOMONTH((AP12-1),0))),1,0)))) | BD12: =IF(AK12=0,"",IF(AT12="FT",IF(AY12<FT_First,0,IF(AY12<FT_Y5,1+INT((AY12-FT_First)/FT_Int1),FT_PreY5+FT_PerYear*INT((AY12-FT_Y5)/12)+FT_AnnivDays+INT(MOD(AY12-FT_Y5,12)/FT_Int2)-IF(EDATE(AL12,FT_Y5)<PolicyEff,FT_AnnivDays-1,0))),IF(AT12="PT",IF(AY12<PT_First,0,1+INT((AY12-PT_First)/PT_Int)),0))+IF(AND(AM12>=2,AO12<=AsOfDate),IF(AU12="FT",IF(AZ12<FT_First,0,IF(AZ12<FT_Y5,1+INT((AZ12-FT_First)/FT_Int1),FT_PreY5+FT_PerYear*INT((AZ12-FT_Y5)/12)+FT_AnnivDays+INT(MOD(AZ12-FT_Y5,12)/FT_Int2)-IF(EDATE(AL12,FT_Y5)<PolicyEff,FT_AnnivDays-1,0))),IF(AU12="PT",IF(AZ12<PT_First,0,1+INT((AZ12-PT_First)/PT_Int)),0))-IF(AU12="FT",IF(AY12<FT_First,0,IF(AY12<FT_Y5,1+INT((AY12-FT_First)/FT_Int1),FT_PreY5+FT_PerYear*INT((AY12-FT_Y5)/12)+FT_AnnivDays+INT(MOD(AY12-FT_Y5,12)/FT_Int2)-IF(EDATE(AL12,FT_Y5)<PolicyEff,FT_AnnivDays-1,0))),IF(AU12="PT",IF(AY12<PT_First,0,1+INT((AY12-PT_First)/PT_Int)),0)),0)+IF(AND(AM12>=3,AP12<=AsOfDate),IF(AV12="FT",IF(AX12<FT_First,0,IF(AX12<FT_Y5,1+INT((AX12-FT_First)/FT_Int1),FT_PreY5+FT_PerYear*INT((AX12-FT_Y5)/12)+FT_AnnivDays+INT(MOD(AX12-FT_Y5,12)/FT_Int2)-IF(EDATE(AL12,FT_Y5)<PolicyEff,FT_AnnivDays-1,0))),IF(AV12="PT",IF(AX12<PT_First,0,1+INT((AX12-PT_First)/PT_Int)),0))-IF(AV12="FT",IF(AZ12<FT_First,0,IF(AZ12<FT_Y5,1+INT((AZ12-FT_First)/FT_Int1),FT_PreY5+FT_PerYear*INT((AZ12-FT_Y5)/12)+FT_AnnivDays+INT(MOD(AZ12-FT_Y5,12)/FT_Int2)-IF(EDATE(AL12,FT_Y5)<PolicyEff,FT_AnnivDays-1,0))),IF(AV12="PT",IF(AZ12<PT_First,0,1+INT((AZ12-PT_First)/PT_Int)),0)),0)) | BE12: =IF(AK12=0,"",IF(AT12="FT",IF(BB12<FT_First,0,IF(BB12<FT_Y5,1+INT((BB12-FT_First)/FT_Int1),FT_PreY5+FT_PerYear*INT((BB12-FT_Y5)/12)+FT_AnnivDays+INT(MOD(BB12-FT_Y5,12)/FT_Int2)-IF(EDATE(AL12,FT_Y5)<PolicyEff,FT_AnnivDays-1,0))),IF(AT12="PT",IF(BB12<PT_First,0,1+INT((BB12-PT_First)/PT_Int)),0))+IF(AND(AM12>=2,AO12<=PFYDate),IF(AU12="FT",IF(BC12<FT_First,0,IF(BC12<FT_Y5,1+INT((BC12-FT_First)/FT_Int1),FT_PreY5+FT_PerYear*INT((BC12-FT_Y5)/12)+FT_AnnivDays+INT(MOD(BC12-FT_Y5,12)/FT_Int2)-IF(EDATE(AL12,FT_Y5)<PolicyEff,FT_AnnivDays-1,0))),IF(AU12="PT",IF(BC12<PT_First,0,1+INT((BC12-PT_First)/PT_Int)),0))-IF(AU12="FT",IF(BB12<FT_First,0,IF(BB12<FT_Y5,1+INT((BB12-FT_First)/FT_Int1),FT_PreY5+FT_PerYear*INT((BB12-FT_Y5)/12)+FT_AnnivDays+INT(MOD(BB12-FT_Y5,12)/FT_Int2)-IF(EDATE(AL12,FT_Y5)<PolicyEff,FT_AnnivDays-1,0))),IF(AU12="PT",IF(BB12<PT_First,0,1+INT((BB12-PT_First)/PT_Int)),0)),0)+IF(AND(AM12>=3,AP12<=PFYDate),IF(AV12="FT",IF(BA12<FT_First,0,IF(BA12<FT_Y5,1+INT((BA12-FT_First)/FT_Int1),FT_PreY5+FT_PerYear*INT((BA12-FT_Y5)/12)+FT_AnnivDays+INT(MOD(BA12-FT_Y5,12)/FT_Int2)-IF(EDATE(AL12,FT_Y5)<PolicyEff,FT_AnnivDays-1,0))),IF(AV12="PT",IF(BA12<PT_First,0,1+INT((BA12-PT_First)/PT_Int)),0))-IF(AV12="FT",IF(BC12<FT_First,0,IF(BC12<FT_Y5,1+INT((BC12-FT_First)/FT_Int1),FT_PreY5+FT_PerYear*INT((BC12-FT_Y5)/12)+FT_AnnivDays+INT(MOD(BC12-FT_Y5,12)/FT_Int2)-IF(EDATE(AL12,FT_Y5)<PolicyEff,FT_AnnivDays-1,0))),IF(AV12="PT",IF(BC12<PT_First,0,1+INT((BC12-PT_First)/PT_Int)),0)),0)) | BF12: =IF(AK12=0,"",IF(AW12="FT",IF(AX12<FT_First,FT_First,IF(AX12<FT_Y5,MIN(FT_Y5,FT_First+FT_Int1*(INT((AX12-FT_First)/FT_Int1)+1)),FT_Y5+12*INT((AX12-FT_Y5)/12)+FT_Int2*(INT(MOD(AX12-FT_Y5,12)/FT_Int2)+1))),IF(AW12="PT",IF(AX12<PT_First,PT_First,PT_First+PT_Int*(INT((AX12-PT_First)/PT_Int)+1)),""))) | BG12: =IF(AK12=0,"",IF(NOT(LH_Ready),0,COUNTIFS(INDEX(LH_Data,0,LH_ColFirst),$A12,INDEX(LH_Data,0,LH_ColSur),$B12,INDEX(LH_Data,0,LH_ColCat),BonusCat))) | BH12: =IF(AK12=0,"",IF(OR(NOT(LH_Ready),BG12=0),0,SUMPRODUCT(MAX((INDEX(LH_Data,0,LH_ColFirst)=$A12)*(INDEX(LH_Data,0,LH_ColSur)=$B12)*(INDEX(LH_Data,0,LH_ColCat)=BonusCat)*ROW(LH_Data))))) | BI12: =IF(AK12=0,"",IF(EOMONTH(AsOfDate,-1)<AL12,-1,12*(YEAR(EOMONTH(AsOfDate,-1))-YEAR(AL12))+MONTH(EOMONTH(AsOfDate,-1))-MONTH(AL12)-IF(DAY(EOMONTH(AsOfDate,-1))<MIN(DAY(AL12),DAY(EOMONTH(EOMONTH(AsOfDate,-1),0))),1,0))) | BJ12: =IF(AK12=0,"",IF(OR(AM12<2,AO12>EOMONTH(AsOfDate,-1)),BI12,IF((AO12-1)<AL12,-1,12*(YEAR((AO12-1))-YEAR(AL12))+MONTH((AO12-1))-MONTH(AL12)-IF(DAY((AO12-1))<MIN(DAY(AL12),DAY(EOMONTH((AO12-1),0))),1,0)))) | BK12: =IF(AK12=0,"",IF(OR(AM12<3,AP12>EOMONTH(AsOfDate,-1)),BI12,IF((AP12-1)<AL12,-1,12*(YEAR((AP12-1))-YEAR(AL12))+MONTH((AP12-1))-MONTH(AL12)-IF(DAY((AP12-1))<MIN(DAY(AL12),DAY(EOMONTH((AP12-1),0))),1,0)))) | BL12: =IF(AK12=0,"",IF(AT12="FT",IF(BJ12<FT_First,0,IF(BJ12<FT_Y5,1+INT((BJ12-FT_First)/FT_Int1),FT_PreY5+FT_PerYear*INT((BJ12-FT_Y5)/12)+FT_AnnivDays+INT(MOD(BJ12-FT_Y5,12)/FT_Int2)-IF(EDATE(AL12,FT_Y5)<PolicyEff,FT_AnnivDays-1,0))),IF(AT12="PT",IF(BJ12<PT_First,0,1+INT((BJ12-PT_First)/PT_Int)),0))+IF(AND(AM12>=2,AO12<=EOMONTH(AsOfDate,-1)),IF(AU12="FT",IF(BK12<FT_First,0,IF(BK12<FT_Y5,1+INT((BK12-FT_First)/FT_Int1),FT_PreY5+FT_PerYear*INT((BK12-FT_Y5)/12)+FT_AnnivDays+INT(MOD(BK12-FT_Y5,12)/FT_Int2)-IF(EDATE(AL12,FT_Y5)<PolicyEff,FT_AnnivDays-1,0))),IF(AU12="PT",IF(BK12<PT_First,0,1+INT((BK12-PT_First)/PT_Int)),0))-IF(AU12="FT",IF(BJ12<FT_First,0,IF(BJ12<FT_Y5,1+INT((BJ12-FT_First)/FT_Int1),FT_PreY5+FT_PerYear*INT((BJ12-FT_Y5)/12)+FT_AnnivDays+INT(MOD(BJ12-FT_Y5,12)/FT_Int2)-IF(EDATE(AL12,FT_Y5)<PolicyEff,FT_AnnivDays-1,0))),IF(AU12="PT",IF(BJ12<PT_First,0,1+INT((BJ12-PT_First)/PT_Int)),0)),0)+IF(AND(AM12>=3,AP12<=EOMONTH(AsOfDate,-1)),IF(AV12="FT",IF(BI12<FT_First,0,IF(BI12<FT_Y5,1+INT((BI12-FT_First)/FT_Int1),FT_PreY5+FT_PerYear*INT((BI12-FT_Y5)/12)+FT_AnnivDays+INT(MOD(BI12-FT_Y5,12)/FT_Int2)-IF(EDATE(AL12,FT_Y5)<PolicyEff,FT_AnnivDays-1,0))),IF(AV12="PT",IF(BI12<PT_First,0,1+INT((BI12-PT_First)/PT_Int)),0))-IF(AV12="FT",IF(BK12<FT_First,0,IF(BK12<FT_Y5,1+INT((BK12-FT_First)/FT_Int1),FT_PreY5+FT_PerYear*INT((BK12-FT_Y5)/12)+FT_AnnivDays+INT(MOD(BK12-FT_Y5,12)/FT_Int2)-IF(EDATE(AL12,FT_Y5)<PolicyEff,FT_AnnivDays-1,0))),IF(AV12="PT",IF(BK12<PT_First,0,1+INT((BK12-PT_First)/PT_Int)),0)),0)) | BM12: =IF(AK12=0,"",IF(AW12="FT",IF(AX12<FT_First,"",IF(AX12<FT_Y5,FT_First+FT_Int1*INT((AX12-FT_First)/FT_Int1),FT_Y5+FT_Int2*INT((AX12-FT_Y5)/FT_Int2))),IF(AW12="PT",IF(AX12<PT_First,"",PT_First+PT_Int*INT((AX12-PT_First)/PT_Int)),""))) | BN12: =IF(AK12=0,"",IF((SchemeStart-1)<AL12,-1,12*(YEAR((SchemeStart-1))-YEAR(AL12))+MONTH((SchemeStart-1))-MONTH(AL12)-IF(DAY((SchemeStart-1))<MIN(DAY(AL12),DAY(EOMONTH((SchemeStart-1),0))),1,0))) | BO12: =IF(AK12=0,"",IF(OR(AM12<2,AO12>(SchemeStart-1)),BN12,IF((AO12-1)<AL12,-1,12*(YEAR((AO12-1))-YEAR(AL12))+MONTH((AO12-1))-MONTH(AL12)-IF(DAY((AO12-1))<MIN(DAY(AL12),DAY(EOMONTH((AO12-1),0))),1,0)))) | BP12: =IF(AK12=0,"",IF(OR(AM12<3,AP12>(SchemeStart-1)),BN12,IF((AP12-1)<AL12,-1,12*(YEAR((AP12-1))-YEAR(AL12))+MONTH((AP12-1))-MONTH(AL12)-IF(DAY((AP12-1))<MIN(DAY(AL12),DAY(EOMONTH((AP12-1),0))),1,0)))) | BQ12: =IF(AK12=0,"",IF(AT12="FT",IF(BO12<FT_First,0,IF(BO12<FT_Y5,1+INT((BO12-FT_First)/FT_Int1),FT_PreY5+FT_PerYear*INT((BO12-FT_Y5)/12)+FT_AnnivDays+INT(MOD(BO12-FT_Y5,12)/FT_Int2)-IF(EDATE(AL12,FT_Y5)<PolicyEff,FT_AnnivDays-1,0))),IF(AT12="PT",IF(BO12<PT_First,0,1+INT((BO12-PT_First)/PT_Int)),0))+IF(AND(AM12>=2,AO12<=(SchemeStart-1)),IF(AU12="FT",IF(BP12<FT_First,0,IF(BP12<FT_Y5,1+INT((BP12-FT_First)/FT_Int1),FT_PreY5+FT_PerYear*INT((BP12-FT_Y5)/12)+FT_AnnivDays+INT(MOD(BP12-FT_Y5,12)/FT_Int2)-IF(EDATE(AL12,FT_Y5)<PolicyEff,FT_AnnivDays-1,0))),IF(AU12="PT",IF(BP12<PT_First,0,1+INT((BP12-PT_First)/PT_Int)),0))-IF(AU12="FT",IF(BO12<FT_First,0,IF(BO12<FT_Y5,1+INT((BO12-FT_First)/FT_Int1),FT_PreY5+FT_PerYear*INT((BO12-FT_Y5)/12)+FT_AnnivDays+INT(MOD(BO12-FT_Y5,12)/FT_Int2)-IF(EDATE(AL12,FT_Y5)<PolicyEff,FT_AnnivDays-1,0))),IF(AU12="PT",IF(BO12<PT_First,0,1+INT((BO12-PT_First)/PT_Int)),0)),0)+IF(AND(AM12>=3,AP12<=(SchemeStart-1)),IF(AV12="FT",IF(BN12<FT_First,0,IF(BN12<FT_Y5,1+INT((BN12-FT_First)/FT_Int1),FT_PreY5+FT_PerYear*INT((BN12-FT_Y5)/12)+FT_AnnivDays+INT(MOD(BN12-FT_Y5,12)/FT_Int2)-IF(EDATE(AL12,FT_Y5)<PolicyEff,FT_AnnivDays-1,0))),IF(AV12="PT",IF(BN12<PT_First,0,1+INT((BN12-PT_First)/PT_Int)),0))-IF(AV12="FT",IF(BP12<FT_First,0,IF(BP12<FT_Y5,1+INT((BP12-FT_First)/FT_Int1),FT_PreY5+FT_PerYear*INT((BP12-FT_Y5)/12)+FT_AnnivDays+INT(MOD(BP12-FT_Y5,12)/FT_Int2)-IF(EDATE(AL12,FT_Y5)<PolicyEff,FT_AnnivDays-1,0))),IF(AV12="PT",IF(BP12<PT_First,0,1+INT((BP12-PT_First)/PT_Int)),0)),0)) | BR12: =IF(LEN($A12&$B12)=0,"",$A12&" "&$B12)
E13: =IF(OR(AK13=0,$D13=""),"",DATE(YEAR(AsOfDate)+IF(DATE(YEAR(AsOfDate),MONTH($D13),DAY($D13))<=AsOfDate,1,0),MONTH($D13),DAY($D13))) | K13: =IF(AK13=0,"",DATE(YEAR(AsOfDate)+IF(DATE(YEAR(AsOfDate),MONTH(AL13),DAY(AL13))<=AsOfDate,1,0),MONTH(AL13),DAY(AL13))) | L13: =IF(AK13=0,"",ROUND((AsOfDate-AL13)/365.25,1)) | M13: =IF(AK13=0,"",IF(AsOfDate<AL13,"-",DATEDIF(AL13,AsOfDate,"y")&"y "&DATEDIF(AL13,AsOfDate,"ym")&"m "&DATEDIF(AL13,AsOfDate,"md")&"d")) | N13: =IF(AK13=0,"",O13*HoursPerDay) | O13: =IF(AK13=0,"",MAX(0,BD13-BQ13)) | Q13: =IF(AK13=0,"",IF(AM13<2,"",AQ13&" to "&AR13&" on "&TEXT(AO13,"dd/mm/yyyy")&IF(AO13>AsOfDate," (future)",IF(AT13=AU13,"",IF(AU13="None"," - STOPPED accruing",IF(AT13="None"," - commencement for Bonus Leave"," - pathway changed"))))&IF(AM13<3,"","; "&AR13&" to "&AS13&" on "&TEXT(AP13,"dd/mm/yyyy")&IF(AP13>AsOfDate," (future)",IF(AU13=AV13,"",IF(AV13="None"," - STOPPED accruing",IF(AU13="None"," - commencement for Bonus Leave"," - pathway changed"))))))) | R13: =IF(AK13=0,"",IF(AW13="None",IF(O13>0,"No longer accruing","Not eligible - "&IF(AND(OR(ISNUMBER(SEARCH("part",$C13)),UPPER(TRIM($C13))="PT",UPPER(TRIM($C13))="PTE"),Apply2026="No"),"part-time (scheme is full-time only)",IF(AND(OR(ISNUMBER(SEARCH("part",$C13)),UPPER(TRIM($C13))="PT",UPPER(TRIM($C13))="PTE"),$P13<>"",N($P13)<PT_MinHours),"under "&PT_MinHours&" hrs",IF(IF($C13="","",IF(OR(ISNUMBER(SEARCH("full",$C13)),UPPER(TRIM($C13))="FT",UPPER(TRIM($C13))="FTE"),"Full-Time",IF(OR(ISNUMBER(SEARCH("part",$C13)),UPPER(TRIM($C13))="PT",UPPER(TRIM($C13))="PTE"),"Part-Time",IF(OR(ISNUMBER(SEARCH("cas",$C13)),UPPER(TRIM($C13))="CAS"),"Casual","Unknown"))))="Unknown","type not recognised",$C13)))),IF(O13>0,"Yes - Accrual Required","Not yet - from "&TEXT(S13,"dd/mm/yyyy")))) | S13: =IF(AK13=0,"",IF(AW13="None","",EDATE(AL13,BF13))) | T13: =IF(AK13=0,"",IF(NOT(LH_Ready),"",IF($F13>PFYDate,0,IF(LH_ColPeriod=0,W13-U13+V13,SUMIFS(INDEX(LH_Data,0,LH_ColAcc),INDEX(LH_Data,0,LH_ColFirst),$A13,INDEX(LH_Data,0,LH_ColSur),$B13,INDEX(LH_Data,0,LH_ColCat),BonusCat,INDEX(LH_Data,0,LH_ColPeriod),LH_OpenLabel)*UnitFactor)))) | U13: =IF(AK13=0,"",IF(NOT(LH_Ready),"",SUMIFS(INDEX(LH_Data,0,LH_ColAcc),INDEX(LH_Data,0,LH_ColFirst),$A13,INDEX(LH_Data,0,LH_ColSur),$B13,INDEX(LH_Data,0,LH_ColCat),BonusCat,INDEX(LH_Data,0,LH_ColStart),">="&AL13)*UnitFactor)) | V13: =IF(AK13=0,"",IF(NOT(LH_Ready),"",SUMIFS(INDEX(LH_Data,0,LH_ColTaken),INDEX(LH_Data,0,LH_ColFirst),$A13,INDEX(LH_Data,0,LH_ColSur),$B13,INDEX(LH_Data,0,LH_ColCat),BonusCat,INDEX(LH_Data,0,LH_ColStart),">="&AL13)*UnitFactor)) | W13: =IF(AK13=0,"",IF(NOT(LH_Ready),"",IF(BH13=0,0,INDEX(INDEX(LH_Data,0,LH_ColClose),BH13-1)*UnitFactor))) | X13: =IF(AK13=0,"",(MAX(0,BD13-BQ13)-MAX(0,BE13-BQ13))*HoursPerDay) | Y13: =IF(AK13=0,"",IF(NOT(LH_Ready),"",IF($AI13="Yes",N(AE13)*HoursPerDay-SUMIFS(INDEX(LH_Data,0,LH_ColAcc),INDEX(LH_Data,0,LH_ColFirst),$A13,INDEX(LH_Data,0,LH_ColSur),$B13,INDEX(LH_Data,0,LH_ColCat),BonusCat,INDEX(LH_Data,0,LH_ColStart),">="&(EOMONTH(AsOfDate,-1)+1),INDEX(LH_Data,0,LH_ColStart),"<="&AsOfDate)*UnitFactor,IF(BG13=0,N13,N13-N(T13)-N(U13))))) | Z13: =IF(OR(AK13=0,Y13=""),"",IF(Y13>0,"Yes","No")) | AA13: =IF(AK13=0,IF(LEN($A13&$B13)=0,"","FIX INPUT - StartDate missing"),IF(AD13<>"","FIX INPUT - "&AD13,IF(NOT(LH_Ready),"Paste Leave History export (Settings must show YES)",IF(AND($AI13="Yes",Y13<=0),"OK - EH balance accepted to date"&IF(N(AH13)>0," (EH holds "&AH13&" hrs over the scheme)","")&"; next day "&TEXT(S13,"dd mmm yy")&IF(N(AE13)>0," ("&AE13&" day(s) for "&UPPER(TEXT(AsOfDate,"mmm yyyy"))&" already in EH)",""),IF(Y13>0,"ACCRUE "&ROUND(Y13,2)&" hrs ("&ROUND(Y13/HoursPerDay,2)&" days): "&IF(N(AE13)>0,AE13&" day(s) for "&UPPER(TEXT(AsOfDate,"mmm yyyy"))&" (milestone "&UPPER(TEXT(AF13,"dd mmm yy"))&")"&IF(Y13/HoursPerDay>AE13+0.001," + "&ROUND(Y13/HoursPerDay-AE13,2)&" day(s) catch-up from earlier months",""),"all catch-up from earlier months, nothing new this month")&IF(BG13=0,"; no Bonus Leave in EH yet",""),IF(Y13<0,"CHECK - EH accrued "&ROUND(-Y13,2)&" hrs more than policy since commencement",IF(N(W13)>O13*HoursPerDay+0.01,"CHECK - EH balance "&ROUND(W13-O13*HoursPerDay,2)&" hrs more than policy entitlement",IF(O13>0,"OK - nothing to add"&IF(N(AE13)>0," ("&AE13&" day(s) for "&UPPER(TEXT(AsOfDate,"mmm yyyy"))&" already in EH)",""),IF(AW13="None",R13,"Not yet - first day on "&TEXT(S13,"dd/mm/yyyy")))))))))) | AB13: =IF(OR(AK13=0,T13=""),"",MAX(0,BE13-BQ13)*HoursPerDay-T13) | AC13: =IF(AK13=0,"",BG13) | AD13: =IF(AK13=0,"",TRIM(IF(OR(ISTEXT($F13),ISTEXT($H13),ISTEXT($I13),ISTEXT($G13),ISTEXT($J13),ISTEXT($D13)),"A date is typed as text - retype it as dd/mm/yyyy. ","")&IF(IF($C13="","",IF(OR(ISNUMBER(SEARCH("full",$C13)),UPPER(TRIM($C13))="FT",UPPER(TRIM($C13))="FTE"),"Full-Time",IF(OR(ISNUMBER(SEARCH("part",$C13)),UPPER(TRIM($C13))="PT",UPPER(TRIM($C13))="PTE"),"Part-Time",IF(OR(ISNUMBER(SEARCH("cas",$C13)),UPPER(TRIM($C13))="CAS"),"Casual","Unknown"))))="Unknown","EmploymentType not recognised - use Full-Time, Part-Time or Casual. ","")&IF(AND(AM13>=1,IF(AM13>=3,AS13,IF(AM13=2,AR13,AQ13))<>IF($C13="","",IF(OR(ISNUMBER(SEARCH("full",$C13)),UPPER(TRIM($C13))="FT",UPPER(TRIM($C13))="FTE"),"Full-Time",IF(OR(ISNUMBER(SEARCH("part",$C13)),UPPER(TRIM($C13))="PT",UPPER(TRIM($C13))="PTE"),"Part-Time",IF(OR(ISNUMBER(SEARCH("cas",$C13)),UPPER(TRIM($C13))="CAS"),"Casual","Unknown"))))),"EmploymentType does not match latest start date ("&IF(AM13>=3,AS13,IF(AM13=2,AR13,AQ13))&"). ","")&IF(AND(AM13>=1,AN13<>$F13),"Earliest type date should equal StartDate. ","")&IF(AND(AM13>=2,AN13=AO13),"Two types start on the same date. ","")&IF(AND(OR(ISNUMBER(SEARCH("part",$C13)),UPPER(TRIM($C13))="PT",UPPER(TRIM($C13))="PTE"),$P13=""),"Part-time: enter PT Hrs/Week (blank = 24+). ",""))) | AE13: =IF(AK13=0,"",O13-MAX(0,BL13-BQ13)) | AF13: =IF(OR(AK13=0,AE13="",N(AE13)=0,BM13=""),"",EDATE(AL13,BM13)) | AG13: =IF(AK13=0,"",MIN(BD13,BQ13)) | AH13: =IF(AK13=0,"",IF(NOT(LH_Ready),"",IF(BG13=0,0,MAX(0,ROUND(N(T13)+N(U13)-N13,2))))) | AK13: =IF(OR(LEN($A13&$B13)=0,$F13=""),0,1) -> 0 | AL13: =IF(AK13=0,"",IF(PreSchemeCounts="No",MAX(SchemeStart,IF($J13<>"",$J13,IF(OR(CasualCounts="Yes",COUNT($G13:$I13)=0),$F13,IF(Apply2026="No",IF($I13="",$F13,$I13),IF(COUNT($H13:$I13)=0,$F13,MIN($H13:$I13)))))),IF($J13<>"",$J13,IF(OR(CasualCounts="Yes",COUNT($G13:$I13)=0),$F13,IF(Apply2026="No",IF($I13="",$F13,$I13),IF(COUNT($H13:$I13)=0,$F13,MIN($H13:$I13))))))) | AM13: =IF(AK13=0,"",COUNT($G13:$I13)) | AN13: =IF(AK13=0,"",IFERROR(SMALL($G13:$I13,1),"")) | AO13: =IF(AK13=0,"",IFERROR(SMALL($G13:$I13,2),"")) | AP13: =IF(AK13=0,"",IFERROR(SMALL($G13:$I13,3),"")) | AQ13: =IF(AK13=0,"",IF(AN13="","",IF(AN13=$H13,"Part-Time",IF(AN13=$I13,"Full-Time","Casual")))) | AR13: =IF(AK13=0,"",IF(AO13="","",IF(AO13=$H13,"Part-Time",IF(AO13=$I13,"Full-Time","Casual")))) | AS13: =IF(AK13=0,"",IF(AP13="","",IF(AP13=$H13,"Part-Time",IF(AP13=$I13,"Full-Time","Casual")))) | AT13: =IF(AK13=0,"",IF(AM13=0,IF(OR(ISNUMBER(SEARCH("full",$C13)),UPPER(TRIM($C13))="FT",UPPER(TRIM($C13))="FTE"),"FT",IF(AND(OR(ISNUMBER(SEARCH("part",$C13)),UPPER(TRIM($C13))="PT",UPPER(TRIM($C13))="PTE"),Apply2026="Yes",OR($P13="",N($P13)>=PT_MinHours)),"PT","None")),IF(OR(ISNUMBER(SEARCH("full",AQ13)),UPPER(TRIM(AQ13))="FT",UPPER(TRIM(AQ13))="FTE"),"FT",IF(AND(OR(ISNUMBER(SEARCH("part",AQ13)),UPPER(TRIM(AQ13))="PT",UPPER(TRIM(AQ13))="PTE"),Apply2026="Yes",OR($P13="",N($P13)>=PT_MinHours)),"PT","None")))) | AU13: =IF(AK13=0,"",IF(AM13<2,"",IF(OR(ISNUMBER(SEARCH("full",AR13)),UPPER(TRIM(AR13))="FT",UPPER(TRIM(AR13))="FTE"),"FT",IF(AND(OR(ISNUMBER(SEARCH("part",AR13)),UPPER(TRIM(AR13))="PT",UPPER(TRIM(AR13))="PTE"),Apply2026="Yes",OR($P13="",N($P13)>=PT_MinHours)),"PT","None")))) | AV13: =IF(AK13=0,"",IF(AM13<3,"",IF(OR(ISNUMBER(SEARCH("full",AS13)),UPPER(TRIM(AS13))="FT",UPPER(TRIM(AS13))="FTE"),"FT",IF(AND(OR(ISNUMBER(SEARCH("part",AS13)),UPPER(TRIM(AS13))="PT",UPPER(TRIM(AS13))="PTE"),Apply2026="Yes",OR($P13="",N($P13)>=PT_MinHours)),"PT","None")))) | AW13: =IF(AK13=0,"",IF(AND(AM13>=3,AP13<=AsOfDate),AV13,IF(AND(AM13>=2,AO13<=AsOfDate),AU13,AT13))) | AX13: =IF(AK13=0,"",IF(AsOfDate<AL13,-1,12*(YEAR(AsOfDate)-YEAR(AL13))+MONTH(AsOfDate)-MONTH(AL13)-IF(DAY(AsOfDate)<MIN(DAY(AL13),DAY(EOMONTH(AsOfDate,0))),1,0))) | AY13: =IF(AK13=0,"",IF(OR(AM13<2,AO13>AsOfDate),AX13,IF((AO13-1)<AL13,-1,12*(YEAR((AO13-1))-YEAR(AL13))+MONTH((AO13-1))-MONTH(AL13)-IF(DAY((AO13-1))<MIN(DAY(AL13),DAY(EOMONTH((AO13-1),0))),1,0)))) | AZ13: =IF(AK13=0,"",IF(OR(AM13<3,AP13>AsOfDate),AX13,IF((AP13-1)<AL13,-1,12*(YEAR((AP13-1))-YEAR(AL13))+MONTH((AP13-1))-MONTH(AL13)-IF(DAY((AP13-1))<MIN(DAY(AL13),DAY(EOMONTH((AP13-1),0))),1,0)))) | BA13: =IF(AK13=0,"",IF(PFYDate<AL13,-1,12*(YEAR(PFYDate)-YEAR(AL13))+MONTH(PFYDate)-MONTH(AL13)-IF(DAY(PFYDate)<MIN(DAY(AL13),DAY(EOMONTH(PFYDate,0))),1,0))) | BB13: =IF(AK13=0,"",IF(OR(AM13<2,AO13>PFYDate),BA13,IF((AO13-1)<AL13,-1,12*(YEAR((AO13-1))-YEAR(AL13))+MONTH((AO13-1))-MONTH(AL13)-IF(DAY((AO13-1))<MIN(DAY(AL13),DAY(EOMONTH((AO13-1),0))),1,0)))) | BC13: =IF(AK13=0,"",IF(OR(AM13<3,AP13>PFYDate),BA13,IF((AP13-1)<AL13,-1,12*(YEAR((AP13-1))-YEAR(AL13))+MONTH((AP13-1))-MONTH(AL13)-IF(DAY((AP13-1))<MIN(DAY(AL13),DAY(EOMONTH((AP13-1),0))),1,0)))) | BD13: =IF(AK13=0,"",IF(AT13="FT",IF(AY13<FT_First,0,IF(AY13<FT_Y5,1+INT((AY13-FT_First)/FT_Int1),FT_PreY5+FT_PerYear*INT((AY13-FT_Y5)/12)+FT_AnnivDays+INT(MOD(AY13-FT_Y5,12)/FT_Int2)-IF(EDATE(AL13,FT_Y5)<PolicyEff,FT_AnnivDays-1,0))),IF(AT13="PT",IF(AY13<PT_First,0,1+INT((AY13-PT_First)/PT_Int)),0))+IF(AND(AM13>=2,AO13<=AsOfDate),IF(AU13="FT",IF(AZ13<FT_First,0,IF(AZ13<FT_Y5,1+INT((AZ13-FT_First)/FT_Int1),FT_PreY5+FT_PerYear*INT((AZ13-FT_Y5)/12)+FT_AnnivDays+INT(MOD(AZ13-FT_Y5,12)/FT_Int2)-IF(EDATE(AL13,FT_Y5)<PolicyEff,FT_AnnivDays-1,0))),IF(AU13="PT",IF(AZ13<PT_First,0,1+INT((AZ13-PT_First)/PT_Int)),0))-IF(AU13="FT",IF(AY13<FT_First,0,IF(AY13<FT_Y5,1+INT((AY13-FT_First)/FT_Int1),FT_PreY5+FT_PerYear*INT((AY13-FT_Y5)/12)+FT_AnnivDays+INT(MOD(AY13-FT_Y5,12)/FT_Int2)-IF(EDATE(AL13,FT_Y5)<PolicyEff,FT_AnnivDays-1,0))),IF(AU13="PT",IF(AY13<PT_First,0,1+INT((AY13-PT_First)/PT_Int)),0)),0)+IF(AND(AM13>=3,AP13<=AsOfDate),IF(AV13="FT",IF(AX13<FT_First,0,IF(AX13<FT_Y5,1+INT((AX13-FT_First)/FT_Int1),FT_PreY5+FT_PerYear*INT((AX13-FT_Y5)/12)+FT_AnnivDays+INT(MOD(AX13-FT_Y5,12)/FT_Int2)-IF(EDATE(AL13,FT_Y5)<PolicyEff,FT_AnnivDays-1,0))),IF(AV13="PT",IF(AX13<PT_First,0,1+INT((AX13-PT_First)/PT_Int)),0))-IF(AV13="FT",IF(AZ13<FT_First,0,IF(AZ13<FT_Y5,1+INT((AZ13-FT_First)/FT_Int1),FT_PreY5+FT_PerYear*INT((AZ13-FT_Y5)/12)+FT_AnnivDays+INT(MOD(AZ13-FT_Y5,12)/FT_Int2)-IF(EDATE(AL13,FT_Y5)<PolicyEff,FT_AnnivDays-1,0))),IF(AV13="PT",IF(AZ13<PT_First,0,1+INT((AZ13-PT_First)/PT_Int)),0)),0)) | BE13: =IF(AK13=0,"",IF(AT13="FT",IF(BB13<FT_First,0,IF(BB13<FT_Y5,1+INT((BB13-FT_First)/FT_Int1),FT_PreY5+FT_PerYear*INT((BB13-FT_Y5)/12)+FT_AnnivDays+INT(MOD(BB13-FT_Y5,12)/FT_Int2)-IF(EDATE(AL13,FT_Y5)<PolicyEff,FT_AnnivDays-1,0))),IF(AT13="PT",IF(BB13<PT_First,0,1+INT((BB13-PT_First)/PT_Int)),0))+IF(AND(AM13>=2,AO13<=PFYDate),IF(AU13="FT",IF(BC13<FT_First,0,IF(BC13<FT_Y5,1+INT((BC13-FT_First)/FT_Int1),FT_PreY5+FT_PerYear*INT((BC13-FT_Y5)/12)+FT_AnnivDays+INT(MOD(BC13-FT_Y5,12)/FT_Int2)-IF(EDATE(AL13,FT_Y5)<PolicyEff,FT_AnnivDays-1,0))),IF(AU13="PT",IF(BC13<PT_First,0,1+INT((BC13-PT_First)/PT_Int)),0))-IF(AU13="FT",IF(BB13<FT_First,0,IF(BB13<FT_Y5,1+INT((BB13-FT_First)/FT_Int1),FT_PreY5+FT_PerYear*INT((BB13-FT_Y5)/12)+FT_AnnivDays+INT(MOD(BB13-FT_Y5,12)/FT_Int2)-IF(EDATE(AL13,FT_Y5)<PolicyEff,FT_AnnivDays-1,0))),IF(AU13="PT",IF(BB13<PT_First,0,1+INT((BB13-PT_First)/PT_Int)),0)),0)+IF(AND(AM13>=3,AP13<=PFYDate),IF(AV13="FT",IF(BA13<FT_First,0,IF(BA13<FT_Y5,1+INT((BA13-FT_First)/FT_Int1),FT_PreY5+FT_PerYear*INT((BA13-FT_Y5)/12)+FT_AnnivDays+INT(MOD(BA13-FT_Y5,12)/FT_Int2)-IF(EDATE(AL13,FT_Y5)<PolicyEff,FT_AnnivDays-1,0))),IF(AV13="PT",IF(BA13<PT_First,0,1+INT((BA13-PT_First)/PT_Int)),0))-IF(AV13="FT",IF(BC13<FT_First,0,IF(BC13<FT_Y5,1+INT((BC13-FT_First)/FT_Int1),FT_PreY5+FT_PerYear*INT((BC13-FT_Y5)/12)+FT_AnnivDays+INT(MOD(BC13-FT_Y5,12)/FT_Int2)-IF(EDATE(AL13,FT_Y5)<PolicyEff,FT_AnnivDays-1,0))),IF(AV13="PT",IF(BC13<PT_First,0,1+INT((BC13-PT_First)/PT_Int)),0)),0)) | BF13: =IF(AK13=0,"",IF(AW13="FT",IF(AX13<FT_First,FT_First,IF(AX13<FT_Y5,MIN(FT_Y5,FT_First+FT_Int1*(INT((AX13-FT_First)/FT_Int1)+1)),FT_Y5+12*INT((AX13-FT_Y5)/12)+FT_Int2*(INT(MOD(AX13-FT_Y5,12)/FT_Int2)+1))),IF(AW13="PT",IF(AX13<PT_First,PT_First,PT_First+PT_Int*(INT((AX13-PT_First)/PT_Int)+1)),""))) | BG13: =IF(AK13=0,"",IF(NOT(LH_Ready),0,COUNTIFS(INDEX(LH_Data,0,LH_ColFirst),$A13,INDEX(LH_Data,0,LH_ColSur),$B13,INDEX(LH_Data,0,LH_ColCat),BonusCat))) | BH13: =IF(AK13=0,"",IF(OR(NOT(LH_Ready),BG13=0),0,SUMPRODUCT(MAX((INDEX(LH_Data,0,LH_ColFirst)=$A13)*(INDEX(LH_Data,0,LH_ColSur)=$B13)*(INDEX(LH_Data,0,LH_ColCat)=BonusCat)*ROW(LH_Data))))) | BI13: =IF(AK13=0,"",IF(EOMONTH(AsOfDate,-1)<AL13,-1,12*(YEAR(EOMONTH(AsOfDate,-1))-YEAR(AL13))+MONTH(EOMONTH(AsOfDate,-1))-MONTH(AL13)-IF(DAY(EOMONTH(AsOfDate,-1))<MIN(DAY(AL13),DAY(EOMONTH(EOMONTH(AsOfDate,-1),0))),1,0))) | BJ13: =IF(AK13=0,"",IF(OR(AM13<2,AO13>EOMONTH(AsOfDate,-1)),BI13,IF((AO13-1)<AL13,-1,12*(YEAR((AO13-1))-YEAR(AL13))+MONTH((AO13-1))-MONTH(AL13)-IF(DAY((AO13-1))<MIN(DAY(AL13),DAY(EOMONTH((AO13-1),0))),1,0)))) | BK13: =IF(AK13=0,"",IF(OR(AM13<3,AP13>EOMONTH(AsOfDate,-1)),BI13,IF((AP13-1)<AL13,-1,12*(YEAR((AP13-1))-YEAR(AL13))+MONTH((AP13-1))-MONTH(AL13)-IF(DAY((AP13-1))<MIN(DAY(AL13),DAY(EOMONTH((AP13-1),0))),1,0)))) | BL13: =IF(AK13=0,"",IF(AT13="FT",IF(BJ13<FT_First,0,IF(BJ13<FT_Y5,1+INT((BJ13-FT_First)/FT_Int1),FT_PreY5+FT_PerYear*INT((BJ13-FT_Y5)/12)+FT_AnnivDays+INT(MOD(BJ13-FT_Y5,12)/FT_Int2)-IF(EDATE(AL13,FT_Y5)<PolicyEff,FT_AnnivDays-1,0))),IF(AT13="PT",IF(BJ13<PT_First,0,1+INT((BJ13-PT_First)/PT_Int)),0))+IF(AND(AM13>=2,AO13<=EOMONTH(AsOfDate,-1)),IF(AU13="FT",IF(BK13<FT_First,0,IF(BK13<FT_Y5,1+INT((BK13-FT_First)/FT_Int1),FT_PreY5+FT_PerYear*INT((BK13-FT_Y5)/12)+FT_AnnivDays+INT(MOD(BK13-FT_Y5,12)/FT_Int2)-IF(EDATE(AL13,FT_Y5)<PolicyEff,FT_AnnivDays-1,0))),IF(AU13="PT",IF(BK13<PT_First,0,1+INT((BK13-PT_First)/PT_Int)),0))-IF(AU13="FT",IF(BJ13<FT_First,0,IF(BJ13<FT_Y5,1+INT((BJ13-FT_First)/FT_Int1),FT_PreY5+FT_PerYear*INT((BJ13-FT_Y5)/12)+FT_AnnivDays+INT(MOD(BJ13-FT_Y5,12)/FT_Int2)-IF(EDATE(AL13,FT_Y5)<PolicyEff,FT_AnnivDays-1,0))),IF(AU13="PT",IF(BJ13<PT_First,0,1+INT((BJ13-PT_First)/PT_Int)),0)),0)+IF(AND(AM13>=3,AP13<=EOMONTH(AsOfDate,-1)),IF(AV13="FT",IF(BI13<FT_First,0,IF(BI13<FT_Y5,1+INT((BI13-FT_First)/FT_Int1),FT_PreY5+FT_PerYear*INT((BI13-FT_Y5)/12)+FT_AnnivDays+INT(MOD(BI13-FT_Y5,12)/FT_Int2)-IF(EDATE(AL13,FT_Y5)<PolicyEff,FT_AnnivDays-1,0))),IF(AV13="PT",IF(BI13<PT_First,0,1+INT((BI13-PT_First)/PT_Int)),0))-IF(AV13="FT",IF(BK13<FT_First,0,IF(BK13<FT_Y5,1+INT((BK13-FT_First)/FT_Int1),FT_PreY5+FT_PerYear*INT((BK13-FT_Y5)/12)+FT_AnnivDays+INT(MOD(BK13-FT_Y5,12)/FT_Int2)-IF(EDATE(AL13,FT_Y5)<PolicyEff,FT_AnnivDays-1,0))),IF(AV13="PT",IF(BK13<PT_First,0,1+INT((BK13-PT_First)/PT_Int)),0)),0)) | BM13: =IF(AK13=0,"",IF(AW13="FT",IF(AX13<FT_First,"",IF(AX13<FT_Y5,FT_First+FT_Int1*INT((AX13-FT_First)/FT_Int1),FT_Y5+FT_Int2*INT((AX13-FT_Y5)/FT_Int2))),IF(AW13="PT",IF(AX13<PT_First,"",PT_First+PT_Int*INT((AX13-PT_First)/PT_Int)),""))) | BN13: =IF(AK13=0,"",IF((SchemeStart-1)<AL13,-1,12*(YEAR((SchemeStart-1))-YEAR(AL13))+MONTH((SchemeStart-1))-MONTH(AL13)-IF(DAY((SchemeStart-1))<MIN(DAY(AL13),DAY(EOMONTH((SchemeStart-1),0))),1,0))) | BO13: =IF(AK13=0,"",IF(OR(AM13<2,AO13>(SchemeStart-1)),BN13,IF((AO13-1)<AL13,-1,12*(YEAR((AO13-1))-YEAR(AL13))+MONTH((AO13-1))-MONTH(AL13)-IF(DAY((AO13-1))<MIN(DAY(AL13),DAY(EOMONTH((AO13-1),0))),1,0)))) | BP13: =IF(AK13=0,"",IF(OR(AM13<3,AP13>(SchemeStart-1)),BN13,IF((AP13-1)<AL13,-1,12*(YEAR((AP13-1))-YEAR(AL13))+MONTH((AP13-1))-MONTH(AL13)-IF(DAY((AP13-1))<MIN(DAY(AL13),DAY(EOMONTH((AP13-1),0))),1,0)))) | BQ13: =IF(AK13=0,"",IF(AT13="FT",IF(BO13<FT_First,0,IF(BO13<FT_Y5,1+INT((BO13-FT_First)/FT_Int1),FT_PreY5+FT_PerYear*INT((BO13-FT_Y5)/12)+FT_AnnivDays+INT(MOD(BO13-FT_Y5,12)/FT_Int2)-IF(EDATE(AL13,FT_Y5)<PolicyEff,FT_AnnivDays-1,0))),IF(AT13="PT",IF(BO13<PT_First,0,1+INT((BO13-PT_First)/PT_Int)),0))+IF(AND(AM13>=2,AO13<=(SchemeStart-1)),IF(AU13="FT",IF(BP13<FT_First,0,IF(BP13<FT_Y5,1+INT((BP13-FT_First)/FT_Int1),FT_PreY5+FT_PerYear*INT((BP13-FT_Y5)/12)+FT_AnnivDays+INT(MOD(BP13-FT_Y5,12)/FT_Int2)-IF(EDATE(AL13,FT_Y5)<PolicyEff,FT_AnnivDays-1,0))),IF(AU13="PT",IF(BP13<PT_First,0,1+INT((BP13-PT_First)/PT_Int)),0))-IF(AU13="FT",IF(BO13<FT_First,0,IF(BO13<FT_Y5,1+INT((BO13-FT_First)/FT_Int1),FT_PreY5+FT_PerYear*INT((BO13-FT_Y5)/12)+FT_AnnivDays+INT(MOD(BO13-FT_Y5,12)/FT_Int2)-IF(EDATE(AL13,FT_Y5)<PolicyEff,FT_AnnivDays-1,0))),IF(AU13="PT",IF(BO13<PT_First,0,1+INT((BO13-PT_First)/PT_Int)),0)),0)+IF(AND(AM13>=3,AP13<=(SchemeStart-1)),IF(AV13="FT",IF(BN13<FT_First,0,IF(BN13<FT_Y5,1+INT((BN13-FT_First)/FT_Int1),FT_PreY5+FT_PerYear*INT((BN13-FT_Y5)/12)+FT_AnnivDays+INT(MOD(BN13-FT_Y5,12)/FT_Int2)-IF(EDATE(AL13,FT_Y5)<PolicyEff,FT_AnnivDays-1,0))),IF(AV13="PT",IF(BN13<PT_First,0,1+INT((BN13-PT_First)/PT_Int)),0))-IF(AV13="FT",IF(BP13<FT_First,0,IF(BP13<FT_Y5,1+INT((BP13-FT_First)/FT_Int1),FT_PreY5+FT_PerYear*INT((BP13-FT_Y5)/12)+FT_AnnivDays+INT(MOD(BP13-FT_Y5,12)/FT_Int2)-IF(EDATE(AL13,FT_Y5)<PolicyEff,FT_AnnivDays-1,0))),IF(AV13="PT",IF(BP13<PT_First,0,1+INT((BP13-PT_First)/PT_Int)),0)),0)) | BR13: =IF(LEN($A13&$B13)=0,"",$A13&" "&$B13)
E14: =IF(OR(AK14=0,$D14=""),"",DATE(YEAR(AsOfDate)+IF(DATE(YEAR(AsOfDate),MONTH($D14),DAY($D14))<=AsOfDate,1,0),MONTH($D14),DAY($D14))) | K14: =IF(AK14=0,"",DATE(YEAR(AsOfDate)+IF(DATE(YEAR(AsOfDate),MONTH(AL14),DAY(AL14))<=AsOfDate,1,0),MONTH(AL14),DAY(AL14))) | L14: =IF(AK14=0,"",ROUND((AsOfDate-AL14)/365.25,1)) | M14: =IF(AK14=0,"",IF(AsOfDate<AL14,"-",DATEDIF(AL14,AsOfDate,"y")&"y "&DATEDIF(AL14,AsOfDate,"ym")&"m "&DATEDIF(AL14,AsOfDate,"md")&"d")) | N14: =IF(AK14=0,"",O14*HoursPerDay) | O14: =IF(AK14=0,"",MAX(0,BD14-BQ14)) | Q14: =IF(AK14=0,"",IF(AM14<2,"",AQ14&" to "&AR14&" on "&TEXT(AO14,"dd/mm/yyyy")&IF(AO14>AsOfDate," (future)",IF(AT14=AU14,"",IF(AU14="None"," - STOPPED accruing",IF(AT14="None"," - commencement for Bonus Leave"," - pathway changed"))))&IF(AM14<3,"","; "&AR14&" to "&AS14&" on "&TEXT(AP14,"dd/mm/yyyy")&IF(AP14>AsOfDate," (future)",IF(AU14=AV14,"",IF(AV14="None"," - STOPPED accruing",IF(AU14="None"," - commencement for Bonus Leave"," - pathway changed"))))))) | R14: =IF(AK14=0,"",IF(AW14="None",IF(O14>0,"No longer accruing","Not eligible - "&IF(AND(OR(ISNUMBER(SEARCH("part",$C14)),UPPER(TRIM($C14))="PT",UPPER(TRIM($C14))="PTE"),Apply2026="No"),"part-time (scheme is full-time only)",IF(AND(OR(ISNUMBER(SEARCH("part",$C14)),UPPER(TRIM($C14))="PT",UPPER(TRIM($C14))="PTE"),$P14<>"",N($P14)<PT_MinHours),"under "&PT_MinHours&" hrs",IF(IF($C14="","",IF(OR(ISNUMBER(SEARCH("full",$C14)),UPPER(TRIM($C14))="FT",UPPER(TRIM($C14))="FTE"),"Full-Time",IF(OR(ISNUMBER(SEARCH("part",$C14)),UPPER(TRIM($C14))="PT",UPPER(TRIM($C14))="PTE"),"Part-Time",IF(OR(ISNUMBER(SEARCH("cas",$C14)),UPPER(TRIM($C14))="CAS"),"Casual","Unknown"))))="Unknown","type not recognised",$C14)))),IF(O14>0,"Yes - Accrual Required","Not yet - from "&TEXT(S14,"dd/mm/yyyy")))) | S14: =IF(AK14=0,"",IF(AW14="None","",EDATE(AL14,BF14))) | T14: =IF(AK14=0,"",IF(NOT(LH_Ready),"",IF($F14>PFYDate,0,IF(LH_ColPeriod=0,W14-U14+V14,SUMIFS(INDEX(LH_Data,0,LH_ColAcc),INDEX(LH_Data,0,LH_ColFirst),$A14,INDEX(LH_Data,0,LH_ColSur),$B14,INDEX(LH_Data,0,LH_ColCat),BonusCat,INDEX(LH_Data,0,LH_ColPeriod),LH_OpenLabel)*UnitFactor)))) | U14: =IF(AK14=0,"",IF(NOT(LH_Ready),"",SUMIFS(INDEX(LH_Data,0,LH_ColAcc),INDEX(LH_Data,0,LH_ColFirst),$A14,INDEX(LH_Data,0,LH_ColSur),$B14,INDEX(LH_Data,0,LH_ColCat),BonusCat,INDEX(LH_Data,0,LH_ColStart),">="&AL14)*UnitFactor)) | V14: =IF(AK14=0,"",IF(NOT(LH_Ready),"",SUMIFS(INDEX(LH_Data,0,LH_ColTaken),INDEX(LH_Data,0,LH_ColFirst),$A14,INDEX(LH_Data,0,LH_ColSur),$B14,INDEX(LH_Data,0,LH_ColCat),BonusCat,INDEX(LH_Data,0,LH_ColStart),">="&AL14)*UnitFactor)) | W14: =IF(AK14=0,"",IF(NOT(LH_Ready),"",IF(BH14=0,0,INDEX(INDEX(LH_Data,0,LH_ColClose),BH14-1)*UnitFactor))) | X14: =IF(AK14=0,"",(MAX(0,BD14-BQ14)-MAX(0,BE14-BQ14))*HoursPerDay) | Y14: =IF(AK14=0,"",IF(NOT(LH_Ready),"",IF($AI14="Yes",N(AE14)*HoursPerDay-SUMIFS(INDEX(LH_Data,0,LH_ColAcc),INDEX(LH_Data,0,LH_ColFirst),$A14,INDEX(LH_Data,0,LH_ColSur),$B14,INDEX(LH_Data,0,LH_ColCat),BonusCat,INDEX(LH_Data,0,LH_ColStart),">="&(EOMONTH(AsOfDate,-1)+1),INDEX(LH_Data,0,LH_ColStart),"<="&AsOfDate)*UnitFactor,IF(BG14=0,N14,N14-N(T14)-N(U14))))) | Z14: =IF(OR(AK14=0,Y14=""),"",IF(Y14>0,"Yes","No")) | AA14: =IF(AK14=0,IF(LEN($A14&$B14)=0,"","FIX INPUT - StartDate missing"),IF(AD14<>"","FIX INPUT - "&AD14,IF(NOT(LH_Ready),"Paste Leave History export (Settings must show YES)",IF(AND($AI14="Yes",Y14<=0),"OK - EH balance accepted to date"&IF(N(AH14)>0," (EH holds "&AH14&" hrs over the scheme)","")&"; next day "&TEXT(S14,"dd mmm yy")&IF(N(AE14)>0," ("&AE14&" day(s) for "&UPPER(TEXT(AsOfDate,"mmm yyyy"))&" already in EH)",""),IF(Y14>0,"ACCRUE "&ROUND(Y14,2)&" hrs ("&ROUND(Y14/HoursPerDay,2)&" days): "&IF(N(AE14)>0,AE14&" day(s) for "&UPPER(TEXT(AsOfDate,"mmm yyyy"))&" (milestone "&UPPER(TEXT(AF14,"dd mmm yy"))&")"&IF(Y14/HoursPerDay>AE14+0.001," + "&ROUND(Y14/HoursPerDay-AE14,2)&" day(s) catch-up from earlier months",""),"all catch-up from earlier months, nothing new this month")&IF(BG14=0,"; no Bonus Leave in EH yet",""),IF(Y14<0,"CHECK - EH accrued "&ROUND(-Y14,2)&" hrs more than policy since commencement",IF(N(W14)>O14*HoursPerDay+0.01,"CHECK - EH balance "&ROUND(W14-O14*HoursPerDay,2)&" hrs more than policy entitlement",IF(O14>0,"OK - nothing to add"&IF(N(AE14)>0," ("&AE14&" day(s) for "&UPPER(TEXT(AsOfDate,"mmm yyyy"))&" already in EH)",""),IF(AW14="None",R14,"Not yet - first day on "&TEXT(S14,"dd/mm/yyyy")))))))))) | AB14: =IF(OR(AK14=0,T14=""),"",MAX(0,BE14-BQ14)*HoursPerDay-T14) | AC14: =IF(AK14=0,"",BG14) | AD14: =IF(AK14=0,"",TRIM(IF(OR(ISTEXT($F14),ISTEXT($H14),ISTEXT($I14),ISTEXT($G14),ISTEXT($J14),ISTEXT($D14)),"A date is typed as text - retype it as dd/mm/yyyy. ","")&IF(IF($C14="","",IF(OR(ISNUMBER(SEARCH("full",$C14)),UPPER(TRIM($C14))="FT",UPPER(TRIM($C14))="FTE"),"Full-Time",IF(OR(ISNUMBER(SEARCH("part",$C14)),UPPER(TRIM($C14))="PT",UPPER(TRIM($C14))="PTE"),"Part-Time",IF(OR(ISNUMBER(SEARCH("cas",$C14)),UPPER(TRIM($C14))="CAS"),"Casual","Unknown"))))="Unknown","EmploymentType not recognised - use Full-Time, Part-Time or Casual. ","")&IF(AND(AM14>=1,IF(AM14>=3,AS14,IF(AM14=2,AR14,AQ14))<>IF($C14="","",IF(OR(ISNUMBER(SEARCH("full",$C14)),UPPER(TRIM($C14))="FT",UPPER(TRIM($C14))="FTE"),"Full-Time",IF(OR(ISNUMBER(SEARCH("part",$C14)),UPPER(TRIM($C14))="PT",UPPER(TRIM($C14))="PTE"),"Part-Time",IF(OR(ISNUMBER(SEARCH("cas",$C14)),UPPER(TRIM($C14))="CAS"),"Casual","Unknown"))))),"EmploymentType does not match latest start date ("&IF(AM14>=3,AS14,IF(AM14=2,AR14,AQ14))&"). ","")&IF(AND(AM14>=1,AN14<>$F14),"Earliest type date should equal StartDate. ","")&IF(AND(AM14>=2,AN14=AO14),"Two types start on the same date. ","")&IF(AND(OR(ISNUMBER(SEARCH("part",$C14)),UPPER(TRIM($C14))="PT",UPPER(TRIM($C14))="PTE"),$P14=""),"Part-time: enter PT Hrs/Week (blank = 24+). ",""))) | AE14: =IF(AK14=0,"",O14-MAX(0,BL14-BQ14)) | AF14: =IF(OR(AK14=0,AE14="",N(AE14)=0,BM14=""),"",EDATE(AL14,BM14)) | AG14: =IF(AK14=0,"",MIN(BD14,BQ14)) | AH14: =IF(AK14=0,"",IF(NOT(LH_Ready),"",IF(BG14=0,0,MAX(0,ROUND(N(T14)+N(U14)-N14,2))))) | AK14: =IF(OR(LEN($A14&$B14)=0,$F14=""),0,1) -> 0 | AL14: =IF(AK14=0,"",IF(PreSchemeCounts="No",MAX(SchemeStart,IF($J14<>"",$J14,IF(OR(CasualCounts="Yes",COUNT($G14:$I14)=0),$F14,IF(Apply2026="No",IF($I14="",$F14,$I14),IF(COUNT($H14:$I14)=0,$F14,MIN($H14:$I14)))))),IF($J14<>"",$J14,IF(OR(CasualCounts="Yes",COUNT($G14:$I14)=0),$F14,IF(Apply2026="No",IF($I14="",$F14,$I14),IF(COUNT($H14:$I14)=0,$F14,MIN($H14:$I14))))))) | AM14: =IF(AK14=0,"",COUNT($G14:$I14)) | AN14: =IF(AK14=0,"",IFERROR(SMALL($G14:$I14,1),"")) | AO14: =IF(AK14=0,"",IFERROR(SMALL($G14:$I14,2),"")) | AP14: =IF(AK14=0,"",IFERROR(SMALL($G14:$I14,3),"")) | AQ14: =IF(AK14=0,"",IF(AN14="","",IF(AN14=$H14,"Part-Time",IF(AN14=$I14,"Full-Time","Casual")))) | AR14: =IF(AK14=0,"",IF(AO14="","",IF(AO14=$H14,"Part-Time",IF(AO14=$I14,"Full-Time","Casual")))) | AS14: =IF(AK14=0,"",IF(AP14="","",IF(AP14=$H14,"Part-Time",IF(AP14=$I14,"Full-Time","Casual")))) | AT14: =IF(AK14=0,"",IF(AM14=0,IF(OR(ISNUMBER(SEARCH("full",$C14)),UPPER(TRIM($C14))="FT",UPPER(TRIM($C14))="FTE"),"FT",IF(AND(OR(ISNUMBER(SEARCH("part",$C14)),UPPER(TRIM($C14))="PT",UPPER(TRIM($C14))="PTE"),Apply2026="Yes",OR($P14="",N($P14)>=PT_MinHours)),"PT","None")),IF(OR(ISNUMBER(SEARCH("full",AQ14)),UPPER(TRIM(AQ14))="FT",UPPER(TRIM(AQ14))="FTE"),"FT",IF(AND(OR(ISNUMBER(SEARCH("part",AQ14)),UPPER(TRIM(AQ14))="PT",UPPER(TRIM(AQ14))="PTE"),Apply2026="Yes",OR($P14="",N($P14)>=PT_MinHours)),"PT","None")))) | AU14: =IF(AK14=0,"",IF(AM14<2,"",IF(OR(ISNUMBER(SEARCH("full",AR14)),UPPER(TRIM(AR14))="FT",UPPER(TRIM(AR14))="FTE"),"FT",IF(AND(OR(ISNUMBER(SEARCH("part",AR14)),UPPER(TRIM(AR14))="PT",UPPER(TRIM(AR14))="PTE"),Apply2026="Yes",OR($P14="",N($P14)>=PT_MinHours)),"PT","None")))) | AV14: =IF(AK14=0,"",IF(AM14<3,"",IF(OR(ISNUMBER(SEARCH("full",AS14)),UPPER(TRIM(AS14))="FT",UPPER(TRIM(AS14))="FTE"),"FT",IF(AND(OR(ISNUMBER(SEARCH("part",AS14)),UPPER(TRIM(AS14))="PT",UPPER(TRIM(AS14))="PTE"),Apply2026="Yes",OR($P14="",N($P14)>=PT_MinHours)),"PT","None")))) | AW14: =IF(AK14=0,"",IF(AND(AM14>=3,AP14<=AsOfDate),AV14,IF(AND(AM14>=2,AO14<=AsOfDate),AU14,AT14))) | AX14: =IF(AK14=0,"",IF(AsOfDate<AL14,-1,12*(YEAR(AsOfDate)-YEAR(AL14))+MONTH(AsOfDate)-MONTH(AL14)-IF(DAY(AsOfDate)<MIN(DAY(AL14),DAY(EOMONTH(AsOfDate,0))),1,0))) | AY14: =IF(AK14=0,"",IF(OR(AM14<2,AO14>AsOfDate),AX14,IF((AO14-1)<AL14,-1,12*(YEAR((AO14-1))-YEAR(AL14))+MONTH((AO14-1))-MONTH(AL14)-IF(DAY((AO14-1))<MIN(DAY(AL14),DAY(EOMONTH((AO14-1),0))),1,0)))) | AZ14: =IF(AK14=0,"",IF(OR(AM14<3,AP14>AsOfDate),AX14,IF((AP14-1)<AL14,-1,12*(YEAR((AP14-1))-YEAR(AL14))+MONTH((AP14-1))-MONTH(AL14)-IF(DAY((AP14-1))<MIN(DAY(AL14),DAY(EOMONTH((AP14-1),0))),1,0)))) | BA14: =IF(AK14=0,"",IF(PFYDate<AL14,-1,12*(YEAR(PFYDate)-YEAR(AL14))+MONTH(PFYDate)-MONTH(AL14)-IF(DAY(PFYDate)<MIN(DAY(AL14),DAY(EOMONTH(PFYDate,0))),1,0))) | BB14: =IF(AK14=0,"",IF(OR(AM14<2,AO14>PFYDate),BA14,IF((AO14-1)<AL14,-1,12*(YEAR((AO14-1))-YEAR(AL14))+MONTH((AO14-1))-MONTH(AL14)-IF(DAY((AO14-1))<MIN(DAY(AL14),DAY(EOMONTH((AO14-1),0))),1,0)))) | BC14: =IF(AK14=0,"",IF(OR(AM14<3,AP14>PFYDate),BA14,IF((AP14-1)<AL14,-1,12*(YEAR((AP14-1))-YEAR(AL14))+MONTH((AP14-1))-MONTH(AL14)-IF(DAY((AP14-1))<MIN(DAY(AL14),DAY(EOMONTH((AP14-1),0))),1,0)))) | BD14: =IF(AK14=0,"",IF(AT14="FT",IF(AY14<FT_First,0,IF(AY14<FT_Y5,1+INT((AY14-FT_First)/FT_Int1),FT_PreY5+FT_PerYear*INT((AY14-FT_Y5)/12)+FT_AnnivDays+INT(MOD(AY14-FT_Y5,12)/FT_Int2)-IF(EDATE(AL14,FT_Y5)<PolicyEff,FT_AnnivDays-1,0))),IF(AT14="PT",IF(AY14<PT_First,0,1+INT((AY14-PT_First)/PT_Int)),0))+IF(AND(AM14>=2,AO14<=AsOfDate),IF(AU14="FT",IF(AZ14<FT_First,0,IF(AZ14<FT_Y5,1+INT((AZ14-FT_First)/FT_Int1),FT_PreY5+FT_PerYear*INT((AZ14-FT_Y5)/12)+FT_AnnivDays+INT(MOD(AZ14-FT_Y5,12)/FT_Int2)-IF(EDATE(AL14,FT_Y5)<PolicyEff,FT_AnnivDays-1,0))),IF(AU14="PT",IF(AZ14<PT_First,0,1+INT((AZ14-PT_First)/PT_Int)),0))-IF(AU14="FT",IF(AY14<FT_First,0,IF(AY14<FT_Y5,1+INT((AY14-FT_First)/FT_Int1),FT_PreY5+FT_PerYear*INT((AY14-FT_Y5)/12)+FT_AnnivDays+INT(MOD(AY14-FT_Y5,12)/FT_Int2)-IF(EDATE(AL14,FT_Y5)<PolicyEff,FT_AnnivDays-1,0))),IF(AU14="PT",IF(AY14<PT_First,0,1+INT((AY14-PT_First)/PT_Int)),0)),0)+IF(AND(AM14>=3,AP14<=AsOfDate),IF(AV14="FT",IF(AX14<FT_First,0,IF(AX14<FT_Y5,1+INT((AX14-FT_First)/FT_Int1),FT_PreY5+FT_PerYear*INT((AX14-FT_Y5)/12)+FT_AnnivDays+INT(MOD(AX14-FT_Y5,12)/FT_Int2)-IF(EDATE(AL14,FT_Y5)<PolicyEff,FT_AnnivDays-1,0))),IF(AV14="PT",IF(AX14<PT_First,0,1+INT((AX14-PT_First)/PT_Int)),0))-IF(AV14="FT",IF(AZ14<FT_First,0,IF(AZ14<FT_Y5,1+INT((AZ14-FT_First)/FT_Int1),FT_PreY5+FT_PerYear*INT((AZ14-FT_Y5)/12)+FT_AnnivDays+INT(MOD(AZ14-FT_Y5,12)/FT_Int2)-IF(EDATE(AL14,FT_Y5)<PolicyEff,FT_AnnivDays-1,0))),IF(AV14="PT",IF(AZ14<PT_First,0,1+INT((AZ14-PT_First)/PT_Int)),0)),0)) | BE14: =IF(AK14=0,"",IF(AT14="FT",IF(BB14<FT_First,0,IF(BB14<FT_Y5,1+INT((BB14-FT_First)/FT_Int1),FT_PreY5+FT_PerYear*INT((BB14-FT_Y5)/12)+FT_AnnivDays+INT(MOD(BB14-FT_Y5,12)/FT_Int2)-IF(EDATE(AL14,FT_Y5)<PolicyEff,FT_AnnivDays-1,0))),IF(AT14="PT",IF(BB14<PT_First,0,1+INT((BB14-PT_First)/PT_Int)),0))+IF(AND(AM14>=2,AO14<=PFYDate),IF(AU14="FT",IF(BC14<FT_First,0,IF(BC14<FT_Y5,1+INT((BC14-FT_First)/FT_Int1),FT_PreY5+FT_PerYear*INT((BC14-FT_Y5)/12)+FT_AnnivDays+INT(MOD(BC14-FT_Y5,12)/FT_Int2)-IF(EDATE(AL14,FT_Y5)<PolicyEff,FT_AnnivDays-1,0))),IF(AU14="PT",IF(BC14<PT_First,0,1+INT((BC14-PT_First)/PT_Int)),0))-IF(AU14="FT",IF(BB14<FT_First,0,IF(BB14<FT_Y5,1+INT((BB14-FT_First)/FT_Int1),FT_PreY5+FT_PerYear*INT((BB14-FT_Y5)/12)+FT_AnnivDays+INT(MOD(BB14-FT_Y5,12)/FT_Int2)-IF(EDATE(AL14,FT_Y5)<PolicyEff,FT_AnnivDays-1,0))),IF(AU14="PT",IF(BB14<PT_First,0,1+INT((BB14-PT_First)/PT_Int)),0)),0)+IF(AND(AM14>=3,AP14<=PFYDate),IF(AV14="FT",IF(BA14<FT_First,0,IF(BA14<FT_Y5,1+INT((BA14-FT_First)/FT_Int1),FT_PreY5+FT_PerYear*INT((BA14-FT_Y5)/12)+FT_AnnivDays+INT(MOD(BA14-FT_Y5,12)/FT_Int2)-IF(EDATE(AL14,FT_Y5)<PolicyEff,FT_AnnivDays-1,0))),IF(AV14="PT",IF(BA14<PT_First,0,1+INT((BA14-PT_First)/PT_Int)),0))-IF(AV14="FT",IF(BC14<FT_First,0,IF(BC14<FT_Y5,1+INT((BC14-FT_First)/FT_Int1),FT_PreY5+FT_PerYear*INT((BC14-FT_Y5)/12)+FT_AnnivDays+INT(MOD(BC14-FT_Y5,12)/FT_Int2)-IF(EDATE(AL14,FT_Y5)<PolicyEff,FT_AnnivDays-1,0))),IF(AV14="PT",IF(BC14<PT_First,0,1+INT((BC14-PT_First)/PT_Int)),0)),0)) | BF14: =IF(AK14=0,"",IF(AW14="FT",IF(AX14<FT_First,FT_First,IF(AX14<FT_Y5,MIN(FT_Y5,FT_First+FT_Int1*(INT((AX14-FT_First)/FT_Int1)+1)),FT_Y5+12*INT((AX14-FT_Y5)/12)+FT_Int2*(INT(MOD(AX14-FT_Y5,12)/FT_Int2)+1))),IF(AW14="PT",IF(AX14<PT_First,PT_First,PT_First+PT_Int*(INT((AX14-PT_First)/PT_Int)+1)),""))) | BG14: =IF(AK14=0,"",IF(NOT(LH_Ready),0,COUNTIFS(INDEX(LH_Data,0,LH_ColFirst),$A14,INDEX(LH_Data,0,LH_ColSur),$B14,INDEX(LH_Data,0,LH_ColCat),BonusCat))) | BH14: =IF(AK14=0,"",IF(OR(NOT(LH_Ready),BG14=0),0,SUMPRODUCT(MAX((INDEX(LH_Data,0,LH_ColFirst)=$A14)*(INDEX(LH_Data,0,LH_ColSur)=$B14)*(INDEX(LH_Data,0,LH_ColCat)=BonusCat)*ROW(LH_Data))))) | BI14: =IF(AK14=0,"",IF(EOMONTH(AsOfDate,-1)<AL14,-1,12*(YEAR(EOMONTH(AsOfDate,-1))-YEAR(AL14))+MONTH(EOMONTH(AsOfDate,-1))-MONTH(AL14)-IF(DAY(EOMONTH(AsOfDate,-1))<MIN(DAY(AL14),DAY(EOMONTH(EOMONTH(AsOfDate,-1),0))),1,0))) | BJ14: =IF(AK14=0,"",IF(OR(AM14<2,AO14>EOMONTH(AsOfDate,-1)),BI14,IF((AO14-1)<AL14,-1,12*(YEAR((AO14-1))-YEAR(AL14))+MONTH((AO14-1))-MONTH(AL14)-IF(DAY((AO14-1))<MIN(DAY(AL14),DAY(EOMONTH((AO14-1),0))),1,0)))) | BK14: =IF(AK14=0,"",IF(OR(AM14<3,AP14>EOMONTH(AsOfDate,-1)),BI14,IF((AP14-1)<AL14,-1,12*(YEAR((AP14-1))-YEAR(AL14))+MONTH((AP14-1))-MONTH(AL14)-IF(DAY((AP14-1))<MIN(DAY(AL14),DAY(EOMONTH((AP14-1),0))),1,0)))) | BL14: =IF(AK14=0,"",IF(AT14="FT",IF(BJ14<FT_First,0,IF(BJ14<FT_Y5,1+INT((BJ14-FT_First)/FT_Int1),FT_PreY5+FT_PerYear*INT((BJ14-FT_Y5)/12)+FT_AnnivDays+INT(MOD(BJ14-FT_Y5,12)/FT_Int2)-IF(EDATE(AL14,FT_Y5)<PolicyEff,FT_AnnivDays-1,0))),IF(AT14="PT",IF(BJ14<PT_First,0,1+INT((BJ14-PT_First)/PT_Int)),0))+IF(AND(AM14>=2,AO14<=EOMONTH(AsOfDate,-1)),IF(AU14="FT",IF(BK14<FT_First,0,IF(BK14<FT_Y5,1+INT((BK14-FT_First)/FT_Int1),FT_PreY5+FT_PerYear*INT((BK14-FT_Y5)/12)+FT_AnnivDays+INT(MOD(BK14-FT_Y5,12)/FT_Int2)-IF(EDATE(AL14,FT_Y5)<PolicyEff,FT_AnnivDays-1,0))),IF(AU14="PT",IF(BK14<PT_First,0,1+INT((BK14-PT_First)/PT_Int)),0))-IF(AU14="FT",IF(BJ14<FT_First,0,IF(BJ14<FT_Y5,1+INT((BJ14-FT_First)/FT_Int1),FT_PreY5+FT_PerYear*INT((BJ14-FT_Y5)/12)+FT_AnnivDays+INT(MOD(BJ14-FT_Y5,12)/FT_Int2)-IF(EDATE(AL14,FT_Y5)<PolicyEff,FT_AnnivDays-1,0))),IF(AU14="PT",IF(BJ14<PT_First,0,1+INT((BJ14-PT_First)/PT_Int)),0)),0)+IF(AND(AM14>=3,AP14<=EOMONTH(AsOfDate,-1)),IF(AV14="FT",IF(BI14<FT_First,0,IF(BI14<FT_Y5,1+INT((BI14-FT_First)/FT_Int1),FT_PreY5+FT_PerYear*INT((BI14-FT_Y5)/12)+FT_AnnivDays+INT(MOD(BI14-FT_Y5,12)/FT_Int2)-IF(EDATE(AL14,FT_Y5)<PolicyEff,FT_AnnivDays-1,0))),IF(AV14="PT",IF(BI14<PT_First,0,1+INT((BI14-PT_First)/PT_Int)),0))-IF(AV14="FT",IF(BK14<FT_First,0,IF(BK14<FT_Y5,1+INT((BK14-FT_First)/FT_Int1),FT_PreY5+FT_PerYear*INT((BK14-FT_Y5)/12)+FT_AnnivDays+INT(MOD(BK14-FT_Y5,12)/FT_Int2)-IF(EDATE(AL14,FT_Y5)<PolicyEff,FT_AnnivDays-1,0))),IF(AV14="PT",IF(BK14<PT_First,0,1+INT((BK14-PT_First)/PT_Int)),0)),0)) | BM14: =IF(AK14=0,"",IF(AW14="FT",IF(AX14<FT_First,"",IF(AX14<FT_Y5,FT_First+FT_Int1*INT((AX14-FT_First)/FT_Int1),FT_Y5+FT_Int2*INT((AX14-FT_Y5)/FT_Int2))),IF(AW14="PT",IF(AX14<PT_First,"",PT_First+PT_Int*INT((AX14-PT_First)/PT_Int)),""))) | BN14: =IF(AK14=0,"",IF((SchemeStart-1)<AL14,-1,12*(YEAR((SchemeStart-1))-YEAR(AL14))+MONTH((SchemeStart-1))-MONTH(AL14)-IF(DAY((SchemeStart-1))<MIN(DAY(AL14),DAY(EOMONTH((SchemeStart-1),0))),1,0))) | BO14: =IF(AK14=0,"",IF(OR(AM14<2,AO14>(SchemeStart-1)),BN14,IF((AO14-1)<AL14,-1,12*(YEAR((AO14-1))-YEAR(AL14))+MONTH((AO14-1))-MONTH(AL14)-IF(DAY((AO14-1))<MIN(DAY(AL14),DAY(EOMONTH((AO14-1),0))),1,0)))) | BP14: =IF(AK14=0,"",IF(OR(AM14<3,AP14>(SchemeStart-1)),BN14,IF((AP14-1)<AL14,-1,12*(YEAR((AP14-1))-YEAR(AL14))+MONTH((AP14-1))-MONTH(AL14)-IF(DAY((AP14-1))<MIN(DAY(AL14),DAY(EOMONTH((AP14-1),0))),1,0)))) | BQ14: =IF(AK14=0,"",IF(AT14="FT",IF(BO14<FT_First,0,IF(BO14<FT_Y5,1+INT((BO14-FT_First)/FT_Int1),FT_PreY5+FT_PerYear*INT((BO14-FT_Y5)/12)+FT_AnnivDays+INT(MOD(BO14-FT_Y5,12)/FT_Int2)-IF(EDATE(AL14,FT_Y5)<PolicyEff,FT_AnnivDays-1,0))),IF(AT14="PT",IF(BO14<PT_First,0,1+INT((BO14-PT_First)/PT_Int)),0))+IF(AND(AM14>=2,AO14<=(SchemeStart-1)),IF(AU14="FT",IF(BP14<FT_First,0,IF(BP14<FT_Y5,1+INT((BP14-FT_First)/FT_Int1),FT_PreY5+FT_PerYear*INT((BP14-FT_Y5)/12)+FT_AnnivDays+INT(MOD(BP14-FT_Y5,12)/FT_Int2)-IF(EDATE(AL14,FT_Y5)<PolicyEff,FT_AnnivDays-1,0))),IF(AU14="PT",IF(BP14<PT_First,0,1+INT((BP14-PT_First)/PT_Int)),0))-IF(AU14="FT",IF(BO14<FT_First,0,IF(BO14<FT_Y5,1+INT((BO14-FT_First)/FT_Int1),FT_PreY5+FT_PerYear*INT((BO14-FT_Y5)/12)+FT_AnnivDays+INT(MOD(BO14-FT_Y5,12)/FT_Int2)-IF(EDATE(AL14,FT_Y5)<PolicyEff,FT_AnnivDays-1,0))),IF(AU14="PT",IF(BO14<PT_First,0,1+INT((BO14-PT_First)/PT_Int)),0)),0)+IF(AND(AM14>=3,AP14<=(SchemeStart-1)),IF(AV14="FT",IF(BN14<FT_First,0,IF(BN14<FT_Y5,1+INT((BN14-FT_First)/FT_Int1),FT_PreY5+FT_PerYear*INT((BN14-FT_Y5)/12)+FT_AnnivDays+INT(MOD(BN14-FT_Y5,12)/FT_Int2)-IF(EDATE(AL14,FT_Y5)<PolicyEff,FT_AnnivDays-1,0))),IF(AV14="PT",IF(BN14<PT_First,0,1+INT((BN14-PT_First)/PT_Int)),0))-IF(AV14="FT",IF(BP14<FT_First,0,IF(BP14<FT_Y5,1+INT((BP14-FT_First)/FT_Int1),FT_PreY5+FT_PerYear*INT((BP14-FT_Y5)/12)+FT_AnnivDays+INT(MOD(BP14-FT_Y5,12)/FT_Int2)-IF(EDATE(AL14,FT_Y5)<PolicyEff,FT_AnnivDays-1,0))),IF(AV14="PT",IF(BP14<PT_First,0,1+INT((BP14-PT_First)/PT_Int)),0)),0)) | BR14: =IF(LEN($A14&$B14)=0,"",$A14&" "&$B14)
E15: =IF(OR(AK15=0,$D15=""),"",DATE(YEAR(AsOfDate)+IF(DATE(YEAR(AsOfDate),MONTH($D15),DAY($D15))<=AsOfDate,1,0),MONTH($D15),DAY($D15))) | K15: =IF(AK15=0,"",DATE(YEAR(AsOfDate)+IF(DATE(YEAR(AsOfDate),MONTH(AL15),DAY(AL15))<=AsOfDate,1,0),MONTH(AL15),DAY(AL15))) | L15: =IF(AK15=0,"",ROUND((AsOfDate-AL15)/365.25,1)) | M15: =IF(AK15=0,"",IF(AsOfDate<AL15,"-",DATEDIF(AL15,AsOfDate,"y")&"y "&DATEDIF(AL15,AsOfDate,"ym")&"m "&DATEDIF(AL15,AsOfDate,"md")&"d")) | N15: =IF(AK15=0,"",O15*HoursPerDay) | O15: =IF(AK15=0,"",MAX(0,BD15-BQ15)) | Q15: =IF(AK15=0,"",IF(AM15<2,"",AQ15&" to "&AR15&" on "&TEXT(AO15,"dd/mm/yyyy")&IF(AO15>AsOfDate," (future)",IF(AT15=AU15,"",IF(AU15="None"," - STOPPED accruing",IF(AT15="None"," - commencement for Bonus Leave"," - pathway changed"))))&IF(AM15<3,"","; "&AR15&" to "&AS15&" on "&TEXT(AP15,"dd/mm/yyyy")&IF(AP15>AsOfDate," (future)",IF(AU15=AV15,"",IF(AV15="None"," - STOPPED accruing",IF(AU15="None"," - commencement for Bonus Leave"," - pathway changed"))))))) | R15: =IF(AK15=0,"",IF(AW15="None",IF(O15>0,"No longer accruing","Not eligible - "&IF(AND(OR(ISNUMBER(SEARCH("part",$C15)),UPPER(TRIM($C15))="PT",UPPER(TRIM($C15))="PTE"),Apply2026="No"),"part-time (scheme is full-time only)",IF(AND(OR(ISNUMBER(SEARCH("part",$C15)),UPPER(TRIM($C15))="PT",UPPER(TRIM($C15))="PTE"),$P15<>"",N($P15)<PT_MinHours),"under "&PT_MinHours&" hrs",IF(IF($C15="","",IF(OR(ISNUMBER(SEARCH("full",$C15)),UPPER(TRIM($C15))="FT",UPPER(TRIM($C15))="FTE"),"Full-Time",IF(OR(ISNUMBER(SEARCH("part",$C15)),UPPER(TRIM($C15))="PT",UPPER(TRIM($C15))="PTE"),"Part-Time",IF(OR(ISNUMBER(SEARCH("cas",$C15)),UPPER(TRIM($C15))="CAS"),"Casual","Unknown"))))="Unknown","type not recognised",$C15)))),IF(O15>0,"Yes - Accrual Required","Not yet - from "&TEXT(S15,"dd/mm/yyyy")))) | S15: =IF(AK15=0,"",IF(AW15="None","",EDATE(AL15,BF15))) | T15: =IF(AK15=0,"",IF(NOT(LH_Ready),"",IF($F15>PFYDate,0,IF(LH_ColPeriod=0,W15-U15+V15,SUMIFS(INDEX(LH_Data,0,LH_ColAcc),INDEX(LH_Data,0,LH_ColFirst),$A15,INDEX(LH_Data,0,LH_ColSur),$B15,INDEX(LH_Data,0,LH_ColCat),BonusCat,INDEX(LH_Data,0,LH_ColPeriod),LH_OpenLabel)*UnitFactor)))) | U15: =IF(AK15=0,"",IF(NOT(LH_Ready),"",SUMIFS(INDEX(LH_Data,0,LH_ColAcc),INDEX(LH_Data,0,LH_ColFirst),$A15,INDEX(LH_Data,0,LH_ColSur),$B15,INDEX(LH_Data,0,LH_ColCat),BonusCat,INDEX(LH_Data,0,LH_ColStart),">="&AL15)*UnitFactor)) | V15: =IF(AK15=0,"",IF(NOT(LH_Ready),"",SUMIFS(INDEX(LH_Data,0,LH_ColTaken),INDEX(LH_Data,0,LH_ColFirst),$A15,INDEX(LH_Data,0,LH_ColSur),$B15,INDEX(LH_Data,0,LH_ColCat),BonusCat,INDEX(LH_Data,0,LH_ColStart),">="&AL15)*UnitFactor)) | W15: =IF(AK15=0,"",IF(NOT(LH_Ready),"",IF(BH15=0,0,INDEX(INDEX(LH_Data,0,LH_ColClose),BH15-1)*UnitFactor))) | X15: =IF(AK15=0,"",(MAX(0,BD15-BQ15)-MAX(0,BE15-BQ15))*HoursPerDay) | Y15: =IF(AK15=0,"",IF(NOT(LH_Ready),"",IF($AI15="Yes",N(AE15)*HoursPerDay-SUMIFS(INDEX(LH_Data,0,LH_ColAcc),INDEX(LH_Data,0,LH_ColFirst),$A15,INDEX(LH_Data,0,LH_ColSur),$B15,INDEX(LH_Data,0,LH_ColCat),BonusCat,INDEX(LH_Data,0,LH_ColStart),">="&(EOMONTH(AsOfDate,-1)+1),INDEX(LH_Data,0,LH_ColStart),"<="&AsOfDate)*UnitFactor,IF(BG15=0,N15,N15-N(T15)-N(U15))))) | Z15: =IF(OR(AK15=0,Y15=""),"",IF(Y15>0,"Yes","No")) | AA15: =IF(AK15=0,IF(LEN($A15&$B15)=0,"","FIX INPUT - StartDate missing"),IF(AD15<>"","FIX INPUT - "&AD15,IF(NOT(LH_Ready),"Paste Leave History export (Settings must show YES)",IF(AND($AI15="Yes",Y15<=0),"OK - EH balance accepted to date"&IF(N(AH15)>0," (EH holds "&AH15&" hrs over the scheme)","")&"; next day "&TEXT(S15,"dd mmm yy")&IF(N(AE15)>0," ("&AE15&" day(s) for "&UPPER(TEXT(AsOfDate,"mmm yyyy"))&" already in EH)",""),IF(Y15>0,"ACCRUE "&ROUND(Y15,2)&" hrs ("&ROUND(Y15/HoursPerDay,2)&" days): "&IF(N(AE15)>0,AE15&" day(s) for "&UPPER(TEXT(AsOfDate,"mmm yyyy"))&" (milestone "&UPPER(TEXT(AF15,"dd mmm yy"))&")"&IF(Y15/HoursPerDay>AE15+0.001," + "&ROUND(Y15/HoursPerDay-AE15,2)&" day(s) catch-up from earlier months",""),"all catch-up from earlier months, nothing new this month")&IF(BG15=0,"; no Bonus Leave in EH yet",""),IF(Y15<0,"CHECK - EH accrued "&ROUND(-Y15,2)&" hrs more than policy since commencement",IF(N(W15)>O15*HoursPerDay+0.01,"CHECK - EH balance "&ROUND(W15-O15*HoursPerDay,2)&" hrs more than policy entitlement",IF(O15>0,"OK - nothing to add"&IF(N(AE15)>0," ("&AE15&" day(s) for "&UPPER(TEXT(AsOfDate,"mmm yyyy"))&" already in EH)",""),IF(AW15="None",R15,"Not yet - first day on "&TEXT(S15,"dd/mm/yyyy")))))))))) | AB15: =IF(OR(AK15=0,T15=""),"",MAX(0,BE15-BQ15)*HoursPerDay-T15) | AC15: =IF(AK15=0,"",BG15) | AD15: =IF(AK15=0,"",TRIM(IF(OR(ISTEXT($F15),ISTEXT($H15),ISTEXT($I15),ISTEXT($G15),ISTEXT($J15),ISTEXT($D15)),"A date is typed as text - retype it as dd/mm/yyyy. ","")&IF(IF($C15="","",IF(OR(ISNUMBER(SEARCH("full",$C15)),UPPER(TRIM($C15))="FT",UPPER(TRIM($C15))="FTE"),"Full-Time",IF(OR(ISNUMBER(SEARCH("part",$C15)),UPPER(TRIM($C15))="PT",UPPER(TRIM($C15))="PTE"),"Part-Time",IF(OR(ISNUMBER(SEARCH("cas",$C15)),UPPER(TRIM($C15))="CAS"),"Casual","Unknown"))))="Unknown","EmploymentType not recognised - use Full-Time, Part-Time or Casual. ","")&IF(AND(AM15>=1,IF(AM15>=3,AS15,IF(AM15=2,AR15,AQ15))<>IF($C15="","",IF(OR(ISNUMBER(SEARCH("full",$C15)),UPPER(TRIM($C15))="FT",UPPER(TRIM($C15))="FTE"),"Full-Time",IF(OR(ISNUMBER(SEARCH("part",$C15)),UPPER(TRIM($C15))="PT",UPPER(TRIM($C15))="PTE"),"Part-Time",IF(OR(ISNUMBER(SEARCH("cas",$C15)),UPPER(TRIM($C15))="CAS"),"Casual","Unknown"))))),"EmploymentType does not match latest start date ("&IF(AM15>=3,AS15,IF(AM15=2,AR15,AQ15))&"). ","")&IF(AND(AM15>=1,AN15<>$F15),"Earliest type date should equal StartDate. ","")&IF(AND(AM15>=2,AN15=AO15),"Two types start on the same date. ","")&IF(AND(OR(ISNUMBER(SEARCH("part",$C15)),UPPER(TRIM($C15))="PT",UPPER(TRIM($C15))="PTE"),$P15=""),"Part-time: enter PT Hrs/Week (blank = 24+). ",""))) | AE15: =IF(AK15=0,"",O15-MAX(0,BL15-BQ15)) | AF15: =IF(OR(AK15=0,AE15="",N(AE15)=0,BM15=""),"",EDATE(AL15,BM15)) | AG15: =IF(AK15=0,"",MIN(BD15,BQ15)) | AH15: =IF(AK15=0,"",IF(NOT(LH_Ready),"",IF(BG15=0,0,MAX(0,ROUND(N(T15)+N(U15)-N15,2))))) | AK15: =IF(OR(LEN($A15&$B15)=0,$F15=""),0,1) -> 0 | AL15: =IF(AK15=0,"",IF(PreSchemeCounts="No",MAX(SchemeStart,IF($J15<>"",$J15,IF(OR(CasualCounts="Yes",COUNT($G15:$I15)=0),$F15,IF(Apply2026="No",IF($I15="",$F15,$I15),IF(COUNT($H15:$I15)=0,$F15,MIN($H15:$I15)))))),IF($J15<>"",$J15,IF(OR(CasualCounts="Yes",COUNT($G15:$I15)=0),$F15,IF(Apply2026="No",IF($I15="",$F15,$I15),IF(COUNT($H15:$I15)=0,$F15,MIN($H15:$I15))))))) | AM15: =IF(AK15=0,"",COUNT($G15:$I15)) | AN15: =IF(AK15=0,"",IFERROR(SMALL($G15:$I15,1),"")) | AO15: =IF(AK15=0,"",IFERROR(SMALL($G15:$I15,2),"")) | AP15: =IF(AK15=0,"",IFERROR(SMALL($G15:$I15,3),"")) | AQ15: =IF(AK15=0,"",IF(AN15="","",IF(AN15=$H15,"Part-Time",IF(AN15=$I15,"Full-Time","Casual")))) | AR15: =IF(AK15=0,"",IF(AO15="","",IF(AO15=$H15,"Part-Time",IF(AO15=$I15,"Full-Time","Casual")))) | AS15: =IF(AK15=0,"",IF(AP15="","",IF(AP15=$H15,"Part-Time",IF(AP15=$I15,"Full-Time","Casual")))) | AT15: =IF(AK15=0,"",IF(AM15=0,IF(OR(ISNUMBER(SEARCH("full",$C15)),UPPER(TRIM($C15))="FT",UPPER(TRIM($C15))="FTE"),"FT",IF(AND(OR(ISNUMBER(SEARCH("part",$C15)),UPPER(TRIM($C15))="PT",UPPER(TRIM($C15))="PTE"),Apply2026="Yes",OR($P15="",N($P15)>=PT_MinHours)),"PT","None")),IF(OR(ISNUMBER(SEARCH("full",AQ15)),UPPER(TRIM(AQ15))="FT",UPPER(TRIM(AQ15))="FTE"),"FT",IF(AND(OR(ISNUMBER(SEARCH("part",AQ15)),UPPER(TRIM(AQ15))="PT",UPPER(TRIM(AQ15))="PTE"),Apply2026="Yes",OR($P15="",N($P15)>=PT_MinHours)),"PT","None")))) | AU15: =IF(AK15=0,"",IF(AM15<2,"",IF(OR(ISNUMBER(SEARCH("full",AR15)),UPPER(TRIM(AR15))="FT",UPPER(TRIM(AR15))="FTE"),"FT",IF(AND(OR(ISNUMBER(SEARCH("part",AR15)),UPPER(TRIM(AR15))="PT",UPPER(TRIM(AR15))="PTE"),Apply2026="Yes",OR($P15="",N($P15)>=PT_MinHours)),"PT","None")))) | AV15: =IF(AK15=0,"",IF(AM15<3,"",IF(OR(ISNUMBER(SEARCH("full",AS15)),UPPER(TRIM(AS15))="FT",UPPER(TRIM(AS15))="FTE"),"FT",IF(AND(OR(ISNUMBER(SEARCH("part",AS15)),UPPER(TRIM(AS15))="PT",UPPER(TRIM(AS15))="PTE"),Apply2026="Yes",OR($P15="",N($P15)>=PT_MinHours)),"PT","None")))) | AW15: =IF(AK15=0,"",IF(AND(AM15>=3,AP15<=AsOfDate),AV15,IF(AND(AM15>=2,AO15<=AsOfDate),AU15,AT15))) | AX15: =IF(AK15=0,"",IF(AsOfDate<AL15,-1,12*(YEAR(AsOfDate)-YEAR(AL15))+MONTH(AsOfDate)-MONTH(AL15)-IF(DAY(AsOfDate)<MIN(DAY(AL15),DAY(EOMONTH(AsOfDate,0))),1,0))) | AY15: =IF(AK15=0,"",IF(OR(AM15<2,AO15>AsOfDate),AX15,IF((AO15-1)<AL15,-1,12*(YEAR((AO15-1))-YEAR(AL15))+MONTH((AO15-1))-MONTH(AL15)-IF(DAY((AO15-1))<MIN(DAY(AL15),DAY(EOMONTH((AO15-1),0))),1,0)))) | AZ15: =IF(AK15=0,"",IF(OR(AM15<3,AP15>AsOfDate),AX15,IF((AP15-1)<AL15,-1,12*(YEAR((AP15-1))-YEAR(AL15))+MONTH((AP15-1))-MONTH(AL15)-IF(DAY((AP15-1))<MIN(DAY(AL15),DAY(EOMONTH((AP15-1),0))),1,0)))) | BA15: =IF(AK15=0,"",IF(PFYDate<AL15,-1,12*(YEAR(PFYDate)-YEAR(AL15))+MONTH(PFYDate)-MONTH(AL15)-IF(DAY(PFYDate)<MIN(DAY(AL15),DAY(EOMONTH(PFYDate,0))),1,0))) | BB15: =IF(AK15=0,"",IF(OR(AM15<2,AO15>PFYDate),BA15,IF((AO15-1)<AL15,-1,12*(YEAR((AO15-1))-YEAR(AL15))+MONTH((AO15-1))-MONTH(AL15)-IF(DAY((AO15-1))<MIN(DAY(AL15),DAY(EOMONTH((AO15-1),0))),1,0)))) | BC15: =IF(AK15=0,"",IF(OR(AM15<3,AP15>PFYDate),BA15,IF((AP15-1)<AL15,-1,12*(YEAR((AP15-1))-YEAR(AL15))+MONTH((AP15-1))-MONTH(AL15)-IF(DAY((AP15-1))<MIN(DAY(AL15),DAY(EOMONTH((AP15-1),0))),1,0)))) | BD15: =IF(AK15=0,"",IF(AT15="FT",IF(AY15<FT_First,0,IF(AY15<FT_Y5,1+INT((AY15-FT_First)/FT_Int1),FT_PreY5+FT_PerYear*INT((AY15-FT_Y5)/12)+FT_AnnivDays+INT(MOD(AY15-FT_Y5,12)/FT_Int2)-IF(EDATE(AL15,FT_Y5)<PolicyEff,FT_AnnivDays-1,0))),IF(AT15="PT",IF(AY15<PT_First,0,1+INT((AY15-PT_First)/PT_Int)),0))+IF(AND(AM15>=2,AO15<=AsOfDate),IF(AU15="FT",IF(AZ15<FT_First,0,IF(AZ15<FT_Y5,1+INT((AZ15-FT_First)/FT_Int1),FT_PreY5+FT_PerYear*INT((AZ15-FT_Y5)/12)+FT_AnnivDays+INT(MOD(AZ15-FT_Y5,12)/FT_Int2)-IF(EDATE(AL15,FT_Y5)<PolicyEff,FT_AnnivDays-1,0))),IF(AU15="PT",IF(AZ15<PT_First,0,1+INT((AZ15-PT_First)/PT_Int)),0))-IF(AU15="FT",IF(AY15<FT_First,0,IF(AY15<FT_Y5,1+INT((AY15-FT_First)/FT_Int1),FT_PreY5+FT_PerYear*INT((AY15-FT_Y5)/12)+FT_AnnivDays+INT(MOD(AY15-FT_Y5,12)/FT_Int2)-IF(EDATE(AL15,FT_Y5)<PolicyEff,FT_AnnivDays-1,0))),IF(AU15="PT",IF(AY15<PT_First,0,1+INT((AY15-PT_First)/PT_Int)),0)),0)+IF(AND(AM15>=3,AP15<=AsOfDate),IF(AV15="FT",IF(AX15<FT_First,0,IF(AX15<FT_Y5,1+INT((AX15-FT_First)/FT_Int1),FT_PreY5+FT_PerYear*INT((AX15-FT_Y5)/12)+FT_AnnivDays+INT(MOD(AX15-FT_Y5,12)/FT_Int2)-IF(EDATE(AL15,FT_Y5)<PolicyEff,FT_AnnivDays-1,0))),IF(AV15="PT",IF(AX15<PT_First,0,1+INT((AX15-PT_First)/PT_Int)),0))-IF(AV15="FT",IF(AZ15<FT_First,0,IF(AZ15<FT_Y5,1+INT((AZ15-FT_First)/FT_Int1),FT_PreY5+FT_PerYear*INT((AZ15-FT_Y5)/12)+FT_AnnivDays+INT(MOD(AZ15-FT_Y5,12)/FT_Int2)-IF(EDATE(AL15,FT_Y5)<PolicyEff,FT_AnnivDays-1,0))),IF(AV15="PT",IF(AZ15<PT_First,0,1+INT((AZ15-PT_First)/PT_Int)),0)),0)) | BE15: =IF(AK15=0,"",IF(AT15="FT",IF(BB15<FT_First,0,IF(BB15<FT_Y5,1+INT((BB15-FT_First)/FT_Int1),FT_PreY5+FT_PerYear*INT((BB15-FT_Y5)/12)+FT_AnnivDays+INT(MOD(BB15-FT_Y5,12)/FT_Int2)-IF(EDATE(AL15,FT_Y5)<PolicyEff,FT_AnnivDays-1,0))),IF(AT15="PT",IF(BB15<PT_First,0,1+INT((BB15-PT_First)/PT_Int)),0))+IF(AND(AM15>=2,AO15<=PFYDate),IF(AU15="FT",IF(BC15<FT_First,0,IF(BC15<FT_Y5,1+INT((BC15-FT_First)/FT_Int1),FT_PreY5+FT_PerYear*INT((BC15-FT_Y5)/12)+FT_AnnivDays+INT(MOD(BC15-FT_Y5,12)/FT_Int2)-IF(EDATE(AL15,FT_Y5)<PolicyEff,FT_AnnivDays-1,0))),IF(AU15="PT",IF(BC15<PT_First,0,1+INT((BC15-PT_First)/PT_Int)),0))-IF(AU15="FT",IF(BB15<FT_First,0,IF(BB15<FT_Y5,1+INT((BB15-FT_First)/FT_Int1),FT_PreY5+FT_PerYear*INT((BB15-FT_Y5)/12)+FT_AnnivDays+INT(MOD(BB15-FT_Y5,12)/FT_Int2)-IF(EDATE(AL15,FT_Y5)<PolicyEff,FT_AnnivDays-1,0))),IF(AU15="PT",IF(BB15<PT_First,0,1+INT((BB15-PT_First)/PT_Int)),0)),0)+IF(AND(AM15>=3,AP15<=PFYDate),IF(AV15="FT",IF(BA15<FT_First,0,IF(BA15<FT_Y5,1+INT((BA15-FT_First)/FT_Int1),FT_PreY5+FT_PerYear*INT((BA15-FT_Y5)/12)+FT_AnnivDays+INT(MOD(BA15-FT_Y5,12)/FT_Int2)-IF(EDATE(AL15,FT_Y5)<PolicyEff,FT_AnnivDays-1,0))),IF(AV15="PT",IF(BA15<PT_First,0,1+INT((BA15-PT_First)/PT_Int)),0))-IF(AV15="FT",IF(BC15<FT_First,0,IF(BC15<FT_Y5,1+INT((BC15-FT_First)/FT_Int1),FT_PreY5+FT_PerYear*INT((BC15-FT_Y5)/12)+FT_AnnivDays+INT(MOD(BC15-FT_Y5,12)/FT_Int2)-IF(EDATE(AL15,FT_Y5)<PolicyEff,FT_AnnivDays-1,0))),IF(AV15="PT",IF(BC15<PT_First,0,1+INT((BC15-PT_First)/PT_Int)),0)),0)) | BF15: =IF(AK15=0,"",IF(AW15="FT",IF(AX15<FT_First,FT_First,IF(AX15<FT_Y5,MIN(FT_Y5,FT_First+FT_Int1*(INT((AX15-FT_First)/FT_Int1)+1)),FT_Y5+12*INT((AX15-FT_Y5)/12)+FT_Int2*(INT(MOD(AX15-FT_Y5,12)/FT_Int2)+1))),IF(AW15="PT",IF(AX15<PT_First,PT_First,PT_First+PT_Int*(INT((AX15-PT_First)/PT_Int)+1)),""))) | BG15: =IF(AK15=0,"",IF(NOT(LH_Ready),0,COUNTIFS(INDEX(LH_Data,0,LH_ColFirst),$A15,INDEX(LH_Data,0,LH_ColSur),$B15,INDEX(LH_Data,0,LH_ColCat),BonusCat))) | BH15: =IF(AK15=0,"",IF(OR(NOT(LH_Ready),BG15=0),0,SUMPRODUCT(MAX((INDEX(LH_Data,0,LH_ColFirst)=$A15)*(INDEX(LH_Data,0,LH_ColSur)=$B15)*(INDEX(LH_Data,0,LH_ColCat)=BonusCat)*ROW(LH_Data))))) | BI15: =IF(AK15=0,"",IF(EOMONTH(AsOfDate,-1)<AL15,-1,12*(YEAR(EOMONTH(AsOfDate,-1))-YEAR(AL15))+MONTH(EOMONTH(AsOfDate,-1))-MONTH(AL15)-IF(DAY(EOMONTH(AsOfDate,-1))<MIN(DAY(AL15),DAY(EOMONTH(EOMONTH(AsOfDate,-1),0))),1,0))) | BJ15: =IF(AK15=0,"",IF(OR(AM15<2,AO15>EOMONTH(AsOfDate,-1)),BI15,IF((AO15-1)<AL15,-1,12*(YEAR((AO15-1))-YEAR(AL15))+MONTH((AO15-1))-MONTH(AL15)-IF(DAY((AO15-1))<MIN(DAY(AL15),DAY(EOMONTH((AO15-1),0))),1,0)))) | BK15: =IF(AK15=0,"",IF(OR(AM15<3,AP15>EOMONTH(AsOfDate,-1)),BI15,IF((AP15-1)<AL15,-1,12*(YEAR((AP15-1))-YEAR(AL15))+MONTH((AP15-1))-MONTH(AL15)-IF(DAY((AP15-1))<MIN(DAY(AL15),DAY(EOMONTH((AP15-1),0))),1,0)))) | BL15: =IF(AK15=0,"",IF(AT15="FT",IF(BJ15<FT_First,0,IF(BJ15<FT_Y5,1+INT((BJ15-FT_First)/FT_Int1),FT_PreY5+FT_PerYear*INT((BJ15-FT_Y5)/12)+FT_AnnivDays+INT(MOD(BJ15-FT_Y5,12)/FT_Int2)-IF(EDATE(AL15,FT_Y5)<PolicyEff,FT_AnnivDays-1,0))),IF(AT15="PT",IF(BJ15<PT_First,0,1+INT((BJ15-PT_First)/PT_Int)),0))+IF(AND(AM15>=2,AO15<=EOMONTH(AsOfDate,-1)),IF(AU15="FT",IF(BK15<FT_First,0,IF(BK15<FT_Y5,1+INT((BK15-FT_First)/FT_Int1),FT_PreY5+FT_PerYear*INT((BK15-FT_Y5)/12)+FT_AnnivDays+INT(MOD(BK15-FT_Y5,12)/FT_Int2)-IF(EDATE(AL15,FT_Y5)<PolicyEff,FT_AnnivDays-1,0))),IF(AU15="PT",IF(BK15<PT_First,0,1+INT((BK15-PT_First)/PT_Int)),0))-IF(AU15="FT",IF(BJ15<FT_First,0,IF(BJ15<FT_Y5,1+INT((BJ15-FT_First)/FT_Int1),FT_PreY5+FT_PerYear*INT((BJ15-FT_Y5)/12)+FT_AnnivDays+INT(MOD(BJ15-FT_Y5,12)/FT_Int2)-IF(EDATE(AL15,FT_Y5)<PolicyEff,FT_AnnivDays-1,0))),IF(AU15="PT",IF(BJ15<PT_First,0,1+INT((BJ15-PT_First)/PT_Int)),0)),0)+IF(AND(AM15>=3,AP15<=EOMONTH(AsOfDate,-1)),IF(AV15="FT",IF(BI15<FT_First,0,IF(BI15<FT_Y5,1+INT((BI15-FT_First)/FT_Int1),FT_PreY5+FT_PerYear*INT((BI15-FT_Y5)/12)+FT_AnnivDays+INT(MOD(BI15-FT_Y5,12)/FT_Int2)-IF(EDATE(AL15,FT_Y5)<PolicyEff,FT_AnnivDays-1,0))),IF(AV15="PT",IF(BI15<PT_First,0,1+INT((BI15-PT_First)/PT_Int)),0))-IF(AV15="FT",IF(BK15<FT_First,0,IF(BK15<FT_Y5,1+INT((BK15-FT_First)/FT_Int1),FT_PreY5+FT_PerYear*INT((BK15-FT_Y5)/12)+FT_AnnivDays+INT(MOD(BK15-FT_Y5,12)/FT_Int2)-IF(EDATE(AL15,FT_Y5)<PolicyEff,FT_AnnivDays-1,0))),IF(AV15="PT",IF(BK15<PT_First,0,1+INT((BK15-PT_First)/PT_Int)),0)),0)) | BM15: =IF(AK15=0,"",IF(AW15="FT",IF(AX15<FT_First,"",IF(AX15<FT_Y5,FT_First+FT_Int1*INT((AX15-FT_First)/FT_Int1),FT_Y5+FT_Int2*INT((AX15-FT_Y5)/FT_Int2))),IF(AW15="PT",IF(AX15<PT_First,"",PT_First+PT_Int*INT((AX15-PT_First)/PT_Int)),""))) | BN15: =IF(AK15=0,"",IF((SchemeStart-1)<AL15,-1,12*(YEAR((SchemeStart-1))-YEAR(AL15))+MONTH((SchemeStart-1))-MONTH(AL15)-IF(DAY((SchemeStart-1))<MIN(DAY(AL15),DAY(EOMONTH((SchemeStart-1),0))),1,0))) | BO15: =IF(AK15=0,"",IF(OR(AM15<2,AO15>(SchemeStart-1)),BN15,IF((AO15-1)<AL15,-1,12*(YEAR((AO15-1))-YEAR(AL15))+MONTH((AO15-1))-MONTH(AL15)-IF(DAY((AO15-1))<MIN(DAY(AL15),DAY(EOMONTH((AO15-1),0))),1,0)))) | BP15: =IF(AK15=0,"",IF(OR(AM15<3,AP15>(SchemeStart-1)),BN15,IF((AP15-1)<AL15,-1,12*(YEAR((AP15-1))-YEAR(AL15))+MONTH((AP15-1))-MONTH(AL15)-IF(DAY((AP15-1))<MIN(DAY(AL15),DAY(EOMONTH((AP15-1),0))),1,0)))) | BQ15: =IF(AK15=0,"",IF(AT15="FT",IF(BO15<FT_First,0,IF(BO15<FT_Y5,1+INT((BO15-FT_First)/FT_Int1),FT_PreY5+FT_PerYear*INT((BO15-FT_Y5)/12)+FT_AnnivDays+INT(MOD(BO15-FT_Y5,12)/FT_Int2)-IF(EDATE(AL15,FT_Y5)<PolicyEff,FT_AnnivDays-1,0))),IF(AT15="PT",IF(BO15<PT_First,0,1+INT((BO15-PT_First)/PT_Int)),0))+IF(AND(AM15>=2,AO15<=(SchemeStart-1)),IF(AU15="FT",IF(BP15<FT_First,0,IF(BP15<FT_Y5,1+INT((BP15-FT_First)/FT_Int1),FT_PreY5+FT_PerYear*INT((BP15-FT_Y5)/12)+FT_AnnivDays+INT(MOD(BP15-FT_Y5,12)/FT_Int2)-IF(EDATE(AL15,FT_Y5)<PolicyEff,FT_AnnivDays-1,0))),IF(AU15="PT",IF(BP15<PT_First,0,1+INT((BP15-PT_First)/PT_Int)),0))-IF(AU15="FT",IF(BO15<FT_First,0,IF(BO15<FT_Y5,1+INT((BO15-FT_First)/FT_Int1),FT_PreY5+FT_PerYear*INT((BO15-FT_Y5)/12)+FT_AnnivDays+INT(MOD(BO15-FT_Y5,12)/FT_Int2)-IF(EDATE(AL15,FT_Y5)<PolicyEff,FT_AnnivDays-1,0))),IF(AU15="PT",IF(BO15<PT_First,0,1+INT((BO15-PT_First)/PT_Int)),0)),0)+IF(AND(AM15>=3,AP15<=(SchemeStart-1)),IF(AV15="FT",IF(BN15<FT_First,0,IF(BN15<FT_Y5,1+INT((BN15-FT_First)/FT_Int1),FT_PreY5+FT_PerYear*INT((BN15-FT_Y5)/12)+FT_AnnivDays+INT(MOD(BN15-FT_Y5,12)/FT_Int2)-IF(EDATE(AL15,FT_Y5)<PolicyEff,FT_AnnivDays-1,0))),IF(AV15="PT",IF(BN15<PT_First,0,1+INT((BN15-PT_First)/PT_Int)),0))-IF(AV15="FT",IF(BP15<FT_First,0,IF(BP15<FT_Y5,1+INT((BP15-FT_First)/FT_Int1),FT_PreY5+FT_PerYear*INT((BP15-FT_Y5)/12)+FT_AnnivDays+INT(MOD(BP15-FT_Y5,12)/FT_Int2)-IF(EDATE(AL15,FT_Y5)<PolicyEff,FT_AnnivDays-1,0))),IF(AV15="PT",IF(BP15<PT_First,0,1+INT((BP15-PT_First)/PT_Int)),0)),0)) | BR15: =IF(LEN($A15&$B15)=0,"",$A15&" "&$B15)
